DATE,preCloseIndex,openIndex,lowestIndex,highestIndex,product_closeIndex,turnoverVol,turnoverValue,CHG,CHGPct,GDP:环比:季调,GDP:不变价:同比,人均GDP:不变价:同比,GDP指数,人均GDP指数,杠杆率:居民部门,杠杆率:非金融企业部门,杠杆率:政府部门,杠杆率:实体经济部门,工业增加值:当月同比,工业增加值:季调:环比,工业增加值:制造业:累计同比,规模以上工业增加值:同比,工业企业应收账款:累计同比,工业企业:产成品存货:累计同比,工业企业资产总计:累计同比,工业企业负债合计:累计同比,工业产能利用率:当季值,固定资产投资完成额:累计同比,固定资产投资完成额:环比:季调,房地产开发投资完成额:累计同比,社会消费品零售总额:当月同比,社会消费品零售总额:环比:季调,31城市城镇调查失业率,31城市城镇调查失业率:同比增减,财新PMI:制造业,财新PMI:服务业经营活动指数,制造业PMI,美国:供应管理协会(ISM):制造业PMI,长江商学院BCI,货币供应量:M0,货币供应量:M0:同比,货币供应量:M1,货币供应量:M1:同比,货币供应量:M2,货币供应量:M2:同比,美国:CPI:同比,美国:核心CPI:同比,美国:CPI:环比,美国:核心CPI:环比,美国:PPI:季调:同比,美国:核心PPI:季调:同比,美国:PPI:季调:环比,美国:核心PPI:季调:环比,金融机构:人民币:各项贷款余额:同比,社会融资规模增量:人民币贷款:当月值,社会融资规模存量:人民币贷款,贷款市场报价利率(LPR):1年,贷款市场报价利率(LPR):5年,美元指数,中间价:美元兑人民币(USD/CNY)
2004-06-30,1012.37242,1008.21825,1001.25696,1012.99626,1007.1169,6948.86,,-5.25552,-0.005191,,,,,,,,,,17.5,,,,18.38,19.77,17.29,18.38,,34.8,,32.0,17.8,,,,,,,61.4,,19048.43,11.3,86780.37,18.6,234842.4,17.5,3.1,1.7,0.6,0.0,,,,,18.6,1132.0,,,,89.41,8.2766
2004-07-31,965.79279,966.10565,961.0184,973.38847,965.70556,8314.24,,-0.08723,-9e-05,,,,,,,,,,16.2,,,,18.72,19.86,17.53,18.89,,31.0,,28.7,13.9,,,,,,,60.5,,19017.58,12.2,88627.14,16.2,238427.49,16.2,3.3,1.9,0.3,0.1,,,,,16.3,2821.0,,,,89.96,8.2769
2004-08-31,970.73911,975.61303,973.42993,983.81959,979.09811,8252.7,,8.359,0.008611,,,,,,18.1,104.6,27.9,150.6,15.5,,,,18.76,19.78,17.44,18.45,,31.1,,28.6,13.2,,,,,,,59.9,,19409.1,11.8,87982.23,15.0,238126.97,15.3,3.0,1.8,-0.2,0.0,,,,,15.5,-19.0,,,,89.69,8.2767
2004-09-30,1001.72029,1006.7886,993.35561,1007.26722,996.99593,5772.84,,-4.72436,-0.004716,,,,,,,,,,15.9,,,,16.62,20.46,17.34,18.23,,30.3,,28.8,13.1,,,,,,,58.5,,19517.94,10.85,89125.33,15.14,239729.19,13.63,2.7,1.7,0.1,0.1,,,,,14.1,1157.0,,,,88.1,8.2766
2004-10-31,963.19629,955.47161,951.56562,961.99219,958.45656,6985.08,,-4.73973,-0.004921,,,,,,,,,,16.1,,,,16.69,21.53,16.8,17.89,,29.9,,28.3,14.0,,,,,,,57.4,,20524.17,12.11,90439.05,13.7,243756.88,13.94,2.5,2.0,0.2,0.3,,,,,13.6,2502.0,,,,84.91,8.2765
2004-11-30,978.85034,979.87059,975.61411,983.06913,979.03571,6602.52,,0.18537,0.000189,,,,,,17.8,105.0,28.3,151.1,15.7,,,,18.24,22.22,16.53,17.49,,29.5,,28.9,14.2,,,,,,,56.3,,20078.25,10.01,90782.48,12.57,243740.32,13.45,3.2,2.0,0.5,0.4,,,,,13.3,256.0,,,,81.93,8.2765
2004-12-31,968.89177,970.10941,967.28648,975.9718,974.0261,4729.04,,5.13433,0.005299,,,,,,,,,,14.8,,,,16.78,23.03,16.62,17.45,,28.9,,29.2,13.9,,,,,,,56.2,,20209.25,9.6,92387.13,13.8,247135.58,14.0,3.5,2.2,0.1,-0.1,,,,,13.5,1495.0,,,,80.53,8.2765
2005-01-31,973.60259,976.38169,962.71056,978.15491,969.31669,6067.62,,-4.2859,-0.004402,,10.1,,110.11362138,109.46155877,,,,,14.4,,,16.7,15.62,24.65,16.34,17.43,,27.6,,28.1,14.5,,,,,,,57.2,,21468.3,8.7,95970.82,13.6,253207.7,14.6,3.3,2.2,-0.4,-0.2,,,,,14.5,2983.0,,,,83.48,8.2765
2005-02-28,1011.55212,1026.28926,1025.21541,1040.27105,1036.34466,9142.52,,24.79254,0.024509,,,9.5,,,17.4,105.0,27.6,150.0,,,,,,,16.11,17.01,,,,,11.5,,,,,,54.7,56.8,,24015.41,7.75,97079.03,15.32,257708.47,14.13,3.0,2.3,0.2,0.3,,,,,14.2,2810.0,,,,82.66,8.2765
2005-03-31,1061.10126,1073.04973,1066.44533,1081.76284,1074.87041,13550.8,,13.76915,0.012976,,,,,,,,,,7.6,,,,17.39,22.22,,,,24.5,,27.0,15.8,,,,,,54.5,55.5,,22667.97,14.0,92814.95,10.6,259357.29,13.9,3.0,2.4,0.6,0.6,,,,,13.4,959.0,,,,84.29,8.2765
2005-04-30,1057.11414,1052.53748,1049.39299,1058.226,1055.43596,4459.2,,-1.67818,-0.001588,,,,,,,,,,15.1,,,,15.27,20.34,17.1,17.85,,25.3,,26.7,13.9,,,,,,57.9,55.2,,21238.95,10.1,94743.19,9.9,264588.94,14.0,3.1,2.3,0.8,0.6,,,,,13.0,3607.0,,,,84.43,8.2765
2005-05-31,1070.24283,1076.4025,1067.37255,1078.8766,1069.55748,11973.62,,-0.68535,-0.00064,,,,,,17.8,106.2,26.8,150.8,16.0,,,,15.44,19.5,16.09,17.32,,25.7,,25.9,12.2,,,,,,56.7,52.2,,21666.56,9.0,94593.72,10.0,266992.66,14.1,3.5,2.2,0.7,0.1,,,,,12.5,1420.0,,,,86.42,8.2765
2005-06-30,1091.27744,1097.63393,1085.36067,1099.77082,1087.64087,12011.64,,-3.63657,-0.003332,,,,,,,,,,16.6,,,,15.49,19.36,16.29,17.32,,26.4,,24.3,12.8,,,,,,52.9,50.8,,20811.59,9.3,95802.01,10.4,269240.49,14.6,2.8,2.2,-0.1,0.0,,,,,12.4,1089.0,,,,89.11,8.2765
2005-07-31,1107.82852,1113.05737,1096.40134,1116.28172,1105.578,10994.16,,-2.25052,-0.002031,,,,,,,,,,16.8,,,,15.33,19.47,16.58,17.78,,27.1,,23.5,12.9,,,,,,51.7,52.4,,20848.76,9.63,98601.25,11.25,275785.53,15.67,2.5,2.0,0.1,-0.1,,,,,13.3,4653.0,,,,89.35,8.1056
2005-08-31,1083.96732,1089.76109,1087.24547,1095.98468,1093.86212,9832.28,,9.8948,0.009128,,,,,,17.8,102.6,27.0,147.4,16.1,,,,16.22,19.09,16.86,18.45,,27.2,,23.5,12.7,,,,,,51.1,52.8,,21171.2,9.1,97674.1,11.0,276966.28,16.3,3.2,2.1,0.5,0.1,,,,,13.1,-314.0,,,,88.35,8.0998
2005-09-30,1106.71466,1105.98471,1100.28504,1108.50989,1103.74114,6560.32,,-2.97352,-0.002687,,,,,,,,,,16.0,,,,15.96,18.94,16.63,18.23,,27.4,,22.3,12.5,,,,,,52.6,52.4,,21351.56,9.39,99377.7,11.5,281288.22,17.34,3.6,2.1,0.5,0.1,,,,,13.4,1897.0,,,,89.4,8.092
2005-10-31,1112.91563,1110.5277,1105.40844,1114.60407,1108.30122,7512.38,,-4.61441,-0.004146,,,,,,,,,,16.5,,,,16.15,18.78,16.66,18.15,,27.72046895,,22.2,12.7,,,,50.9,,55.1,56.8,,22272.92,8.52,100964.0,11.64,287438.27,17.92,4.7,2.0,1.2,0.1,,,,,13.8,3453.0,,,,89.59,8.0845
2005-11-30,1078.02677,1075.13056,1073.17724,1097.43876,1088.20928,12851.62,,10.18251,0.009446,,,,,,17.5,101.5,27.1,146.1,16.1,,,,15.48,19.32,16.86,18.42,,27.6,,21.6,12.8,,,,50.1,,54.1,57.2,,21892.98,9.04,101751.98,12.08,287591.61,17.99,4.3,2.1,0.2,0.5,,,,,13.8,264.0,,,,91.62,8.0804
2005-12-31,1168.11409,1162.49624,1158.93062,1168.03715,1167.07926,8945.52,,-1.03483,-0.000886,,,,,,,,,,16.6,,,,16.33,17.8,16.58,18.07,,27.8,,22.2,12.4,,,,49.8,,54.1,56.7,,22409.39,10.9,104125.78,12.7,292350.39,18.3,3.5,2.1,-0.8,0.0,,,,,14.1,2251.0,,,,91.17,8.0702
2006-01-31,1205.7268,1210.5686,1206.9122,1217.5262,1216.8452,8139.58,,11.1184,0.009221,,11.4,,111.39459181,110.74137513,,,,,16.5,,,16.4,19.23,17.94,16.57,18.15,,27.2,,19.8,12.5,,,,50.1,,54.3,55.1,,24031.67,11.94,107278.76,11.78,298755.48,17.57,3.4,2.2,-0.4,-0.1,,,,,12.98,1454.0,,,,89.42,8.0608
2006-02-28,1207.0896,1199.4166,1199.4166,1206.0633,1205.4962,7491.62,,-1.5934,-0.00132,,,10.7,,,16.9,99.7,27.5,144.1,,,,,,,,,,,,,15.5,,,,50.2,,52.1,55.0,,29310.37,22.05,107250.68,10.63,303571.65,19.21,4.0,2.1,0.8,0.2,,,,,13.8,5674.0,,,,90.63,8.0415
2006-03-31,1223.1043,1229.8352,1228.6672,1233.7951,1231.0067,7093.48,,7.9024,0.006461,,,,,,,,,,20.1,,,,18.59,17.39,,,,26.6,,19.7,9.4,,,,50.7,,52.1,55.8,,24482.02,8.0,104357.08,12.4,304516.27,18.8,3.6,2.1,0.2,0.5,,,,,14.1,1491.0,,,,89.39,8.017
2006-04-30,1328.4951,1311.6216,1304.6909,1324.676,1323.2914,8750.0,,-5.2037,-0.003917,,,,,,,,,,17.8,,,,20.71,17.71,16.94,18.0,,29.8,,20.2,13.5,,,,51.0,,55.3,54.3,,23472.03,10.5,106737.08,12.7,310490.65,18.8,3.4,2.1,0.6,0.6,,,,,14.7,5402.0,,,,86.11,8.0165
2006-05-31,1417.1223,1405.5705,1392.46,1405.5705,1392.46,7663.9,,-24.6623,-0.017403,,,,,,17.5,101.9,26.8,146.2,16.6,,,,19.76,17.17,16.48,17.02,,29.6,,21.3,13.554756,,,,52.7,,58.1,55.2,,24155.73,11.5,106389.11,12.5,313702.34,18.9,3.5,2.3,0.9,0.3,,,,,15.5,3163.0,,,,84.28,8.0188
2006-06-30,1275.5866,1295.8795,1295.8795,1301.6098,1300.9633,7855.58,,25.3767,0.019894,,,,,,,,,,17.9,,,,20.42,15.64,16.48,16.99,,30.3,,21.8,14.2,,,,52.8,,54.8,53.7,,23465.32,12.75,109219.22,14.01,316709.81,19.1,4.2,2.4,0.5,0.1,,,,,16.0,2094.0,,,,85.87,7.9956
2006-07-31,1255.9161,1264.9336,1264.0486,1277.9365,1277.9365,12015.68,,22.0204,0.017533,,,,,,,,,,19.5,,,,19.89,16.02,16.37,17.19,,31.3,,24.2,13.9,,,,52.9,,54.1,52.0,,23469.08,12.6,112342.36,13.9,322756.35,18.43,4.3,2.6,0.2,0.1,,,,,15.24,3655.0,,,,85.44,7.9732
2006-08-31,1226.0893,1228.2304,1224.7997,1228.8164,1228.8164,10867.3,,2.7271,0.002224,,,,,,17.8,102.2,26.4,146.4,16.7,,,,19.41,17.0,16.29,16.98,,30.5,,24.0,13.7,,,,53.0,,52.4,53.0,,23752.59,12.2,112653.04,15.3,324010.76,18.4,4.1,2.7,0.3,0.1,,,,,16.3,1634.0,,,,84.97,7.9585
2006-09-30,1228.522,1230.4012,1228.3533,1237.7292,1237.5297,9401.4,,9.0077,0.007332,,,,,,,,,,15.7,,,,19.53,17.34,16.05,16.52,,29.1,,24.0,13.8,,,,52.6,,53.1,53.7,,24185.36,13.3,114845.67,15.6,327885.67,17.9,3.8,2.8,0.2,0.2,,,,,16.1,1900.0,,,,85.97,7.9087
2006-10-31,1259.1092,1251.4499,1238.6119,1254.11,1239.5126,18710.92,,-19.5966,-0.015564,,,,,,,,,,16.1,,,,19.71,17.62,16.36,16.82,,28.2,,24.3,13.9,,,,52.4,,57.0,52.2,,25687.38,15.3,116814.1,15.7,331865.36,16.83,2.1,2.9,-0.5,0.2,,,,,15.23,2201.0,,,,85.59,7.8792
2006-11-30,1241.1358,1245.6518,1244.4509,1249.3587,1247.9219,25386.3,,6.7861,0.005468,,,,,,17.8,101.1,26.5,145.4,14.7,,,,20.1,17.25,16.31,16.39,,26.8,,24.1,14.348977,,,,52.1,,54.7,51.4,,24964.16,14.0,118359.96,16.3,332747.17,17.1,1.3,2.7,-0.5,0.3,,,,,15.2,169.0,,,,83.44,7.8436
2006-12-31,1249.8073,1247.8298,1242.3411,1249.6439,1247.2167,15792.86,,-2.5906,-0.002073,,,,,,,,,,14.9,,,,19.28,18.08,16.85,16.79,,26.6,,24.0,14.1,,,,53.0,,55.3,50.3,,25527.25,13.9,121644.95,16.8,337504.15,16.8,2.0,2.6,-0.1,-0.1,,,,,14.8,1935.0,,,,83.72,7.8087
2007-01-31,1201.5735,1213.8116,1211.6996,1216.6888,1215.4954,17141.76,,13.9219,0.011586,,12.7,,112.72095567,112.09330469,,,,,14.7,,,16.6,18.37,18.34,16.65,16.63,,24.5,,21.8,14.6,,,,52.4,,54.8,51.4,,27072.62,12.65,126028.05,17.48,345577.91,16.94,2.5,2.6,0.1,-0.1,,,,,15.07,2204.0,,,,85.03,7.7776
2007-02-28,1270.5194,1251.7569,1251.7569,1264.0145,1263.4472,21270.54,,-7.0722,-0.005566,,,12.1,,,17.5,99.0,26.7,143.2,,,,,,,16.61,16.72,,,,,12.748329,,,,52.0,,55.1,49.5,,27949.13,-4.64,128484.06,20.21,351498.77,15.93,2.1,2.7,0.3,0.3,,,,,16.0,5663.0,,,,83.48,7.7409
2007-03-31,1277.5175,1286.7917,1286.7917,1295.3722,1295.3718,13926.08,,17.8543,0.013976,,,,,,,,,,12.6,,,,18.92,18.44,,,,23.4,,24.3,16.857995,,,,53.0,,53.1,51.9,,30627.93,25.1,126258.08,21.0,358659.25,17.8,2.4,2.7,0.5,0.5,,,,,17.2,4138.0,,,,82.93,7.7342
2007-04-30,1284.5253,1285.1099,1284.0402,1295.8473,1295.8135,12880.32,,11.2882,0.008788,,,,,,,,,,17.6,,,,,,17.96,18.3,,25.3,,26.9,15.338037,,,,52.3,,56.1,50.7,,27387.95,16.7,127881.31,19.8,364104.66,17.3,2.8,2.5,0.9,0.4,,,,,16.25,4417.0,,,,81.529,7.7055
2007-05-31,1252.8719,1259.5662,1257.6835,1265.069,1264.56,18177.46,,11.6881,0.009329,,,,,,18.4,100.8,25.8,145.0,17.4,,,,,,,,,25.5,,27.4,15.5,,,,53.3,,58.6,52.6,,27813.88,15.1,127678.33,20.0,367326.45,17.1,2.6,2.3,0.6,0.2,,,,,16.5,4220.0,,,,82.433,7.6506
2007-06-30,1222.8088,1226.5983,1223.7553,1229.2892,1226.7231,20382.28,,3.9143,0.003201,,,,,,,,,,18.1,,,,18.81,20.09,,,,25.9,,27.5,15.9,,,,54.1,,55.7,52.5,,26727.97,13.91,130275.8,19.28,369718.15,16.74,2.7,2.2,0.6,0.0,,,,,16.52,2473.0,,,,81.92,7.6155
2007-07-31,1268.2718,1275.8078,1274.1584,1280.2151,1280.2151,29645.6,,11.9433,0.009417,,,,,,,,,,19.4,,,,,,18.08,17.81,,26.7,,28.5,15.9827,,,,55.0,,54.5,52.6,,26881.09,14.54,135847.4,20.92,377832.15,17.06,2.7,2.2,0.2,0.1,,,,,16.48,4515.0,,,,80.849,7.5737
2007-08-31,1282.1158,1286.7387,1285.6048,1294.1843,1293.9942,42060.24,,11.8784,0.009265,,,,,,18.9,101.2,25.8,145.9,18.0,,,,,,,,,26.6,,28.9,16.4,,,,53.2,,53.3,52.4,,27326.26,15.05,136237.43,20.9,383884.88,18.5,2.4,2.2,0.0,0.1,,,,,16.63,2314.0,,,,80.794,7.5607
2007-09-30,1342.8793,1349.251,1344.9601,1349.251,1348.7458,33132.84,,5.8665,0.004369,,,,,,,,,,17.5,,,,19.49,20.08,,,,26.7,,29.0,17.1,,,,53.4,,54.0,50.9,,27822.39,15.04,140993.21,22.8,387205.04,18.1,2.0,2.1,-0.2,0.2,,,,,17.02,3029.0,,,,77.719,7.5108
2007-10-31,1371.8498,1363.9926,1363.9926,1376.0314,1365.6367,48655.94,,-6.2131,-0.004529,,,,,,,,,,18.9,,,,,,18.79,18.79,,26.4,,30.3,17.010498,,,,55.0,,56.1,51.0,,29030.58,13.01,142591.57,22.07,393098.91,18.45,2.8,2.1,0.3,0.2,,,,,17.13,2835.0,,,,76.773,7.4692
2007-11-30,1339.5811,1334.8307,1325.9155,1337.8565,1330.9645,57071.32,,-8.6166,-0.006432,,,,,,19.4,99.5,27.8,146.7,17.9,,,,,,,,,26.9,,31.4,18.1,,,,55.2,,53.2,51.1,,28317.78,13.43,144649.33,22.21,394204.17,18.47,3.5,2.2,0.2,0.3,,,,,17.66,1361.0,,,,75.588,7.3997
2007-12-31,1364.9873,1365.5817,1358.2844,1365.9035,1362.77,39658.84,,-2.2173,-0.001624,,,,,,,,,,17.3,,,,18.75,21.8,,,,26.8,,31.8,18.8,,,,52.8,,55.4,50.5,,28987.92,13.56,148009.82,21.67,399757.91,18.45,4.3,2.3,0.6,0.1,,,,,17.03,874.0,,,,76.218,7.3046
2008-01-31,1363.0413,1366.0705,1361.1514,1367.3631,1367.3631,26536.44,,4.3218,0.003171,,14.2,,114.23086093,113.6358205,,,,,17.4,,,18.5,,,19.94,20.23,,25.8,,30.2,20.2,,,,53.3,,55.3,49.0,,30334.32,12.05,152519.17,21.01,403401.3,16.72,4.1,2.4,-0.1,0.0,,,,,16.1,485.0,,,,75.032,7.1853
2008-02-29,1480.2003,1482.5506,1482.5506,1496.8485,1496.8485,53860.36,,16.6482,0.011247,,,13.6,,,18.8,96.0,30.1,144.9,,,,,,,,,,,,,21.2,,,,53.2,,53.0,50.3,,36673.15,31.21,154872.59,20.72,417846.17,18.94,4.3,2.5,0.5,0.4,,,,,16.74,8058.0,,,,73.721,7.1058
2008-03-31,1381.5123,1374.6959,1372.9156,1385.5401,1385.5401,50362.36,,4.0278,0.002916,,,,,,,,,,15.4,,,,17.18,21.18,,,,24.3,,32.9,19.1,,,,52.8,,53.4,47.6,,32454.47,5.96,150177.88,19.2,421037.84,17.48,4.0,2.3,0.3,0.3,,,,,15.73,2434.0,,,,71.678,7.019
2008-04-30,1369.7281,1369.7281,1364.3949,1371.5225,1370.0616,35158.88,,0.3335,0.000243,,,,,,,,,,17.8,,,,,,20.7,20.92,,25.9,,32.3,21.5,,,,54.4,,58.4,48.3,,30433.07,11.12,150867.47,18.25,423054.53,16.29,4.0,2.4,0.9,0.5,,,,,14.78,2834.0,,,,72.895,7.0002
2008-05-31,1413.8569,1396.7455,1388.9815,1404.36,1393.3377,42751.8,,-20.5192,-0.014513,,,,,,18.8,97.9,29.4,146.1,15.7,,,,,,,,,25.7,,32.1,22.0,,,,55.4,,59.2,48.8,,30789.61,10.7,151694.91,19.05,429313.72,16.94,3.9,2.3,0.6,0.1,,,,,14.7,4690.0,,,,72.879,6.9472
2008-06-30,1467.796,1473.0484,1465.7579,1474.6935,1473.9516,42694.52,,6.1556,0.004194,,,,,,,,,,16.0,,,,17.21,26.07,,,,25.6,,31.9,21.6,,,,54.7,,53.3,48.8,,30169.3,12.88,153344.75,17.93,436221.6,18.07,4.2,2.3,0.8,0.1,,,,,14.86,3185.0,,,,72.36,6.8591
2008-07-31,1397.5712,1406.1023,1401.7778,1407.9966,1405.1536,48084.42,,7.5824,0.005425,,,,,,,,,,16.0,,,,,,20.41,22.61,,26.8,,33.5,23.0,,,,53.3,,52.0,49.8,,30181.32,12.28,154820.15,14.19,443141.02,17.37,5.0,2.4,1.0,0.2,,,,,14.12,3324.0,,,,73.322,6.8388
2008-08-31,1334.2408,1323.5174,1323.3482,1334.1589,1333.2001,45666.76,,-1.0407,-0.00078,,,,,,18.6,97.5,28.6,144.7,14.7,,,,,,,,,27.3,,30.9,23.3,,,,53.3,,48.4,50.0,,30687.19,12.3,154992.44,13.96,446362.17,16.35,5.6,2.5,0.5,0.2,,,,,14.58,3818.0,,,,77.381,6.8345
2008-09-30,1233.116,1227.3503,1220.9837,1231.4929,1225.1451,40988.66,,-7.9709,-0.006464,,,,,,,,,,12.8,,,,16.0,28.54,,,,27.4,,29.1,23.2,,,,49.2,,48.4,49.2,,30851.62,10.89,156889.92,11.48,448846.68,16.0,5.4,2.5,-0.4,0.2,,,,,14.29,2715.0,,,,77.471,6.8183
2008-10-31,973.6444,942.5135,940.2184,958.1385,949.7259,68755.1,,-23.9185,-0.024566,,,,,,,,,,11.4,,,,,,20.45,22.76,,27.6,,26.5,23.2,,,,47.7,,51.2,44.8,,31724.88,9.28,155748.97,9.43,452898.71,15.29,4.9,2.5,-0.1,0.2,,,,,14.48,3745.0,,,,84.556,6.8258
2008-11-30,901.5427,903.9384,886.6969,903.9384,891.2454,57517.76,,-10.2973,-0.011422,,,,,,18.4,96.5,28.1,143.0,8.2,,,,,,,,,27.2,,24.6,22.0,,,,45.2,,44.6,38.9,,31317.84,10.59,157194.36,8.85,453133.32,15.02,3.7,2.2,-1.0,0.1,,,,,14.58,1819.0,,,,86.517,6.8349
2008-12-31,871.2058,873.079,871.185,885.9793,885.1068,42866.02,,13.901,0.015956,,,,,,,,,,5.4,,,,12.33,25.01,,,,26.8,,22.7,20.8,,,,40.9,,38.8,36.5,,31607.36,9.04,157826.63,6.8,458644.66,14.8,1.1,2.0,-1.9,-0.2,,,,,16.03,4775.0,,,,80.627,6.8346
2009-01-31,937.9421,929.445,924.815,939.134,939.134,32679.98,,1.1919,0.001271,,9.7,,109.65067892,109.0902801,,,,,,,,,,,17.19,18.69,,26.1,,20.9,19.0,,,,41.2,,41.2,33.1,,34218.96,12.65,166217.13,9.06,475166.6,17.82,0.1,1.8,-1.0,-0.3,,,,,18.76,7645.0,,,,85.834,6.838
2009-02-28,971.4992,976.7999,961.4694,976.7999,964.1194,63653.6,,-7.3798,-0.007596,,,9.1,,,17.9,95.2,28.1,141.2,5.7,,,12.9,,,,,,,,,18.5,,,,42.2,,45.3,34.9,,41082.37,12.02,165214.34,6.68,496135.31,18.79,0.0,1.7,0.4,0.3,,,,,21.33,16177.0,,,,88.166,6.8379
2009-03-31,1045.5174,1042.6571,1038.2599,1053.2811,1052.3202,68433.5,,6.8028,0.006507,,,,,,,,,,11.0,,,,7.26,11.7,15.44,15.26,,26.5,,1.0,11.6,,,,45.1,,49.0,35.5,,35141.64,8.28,166149.6,10.87,506708.07,20.48,0.2,1.8,0.5,0.4,,,,,24.17,10715.0,,,,85.745,6.8359
2009-04-30,1084.0697,1094.6358,1090.4831,1101.0134,1098.6874,65057.22,,14.6177,0.013484,,,,,,,,,,8.3,,,,,,,,,28.6,,4.1,14.7,,,,44.8,,52.4,36.0,,33746.42,10.88,176541.13,17.04,530626.71,25.51,-0.4,1.8,0.2,0.4,,,,,29.78,18920.0,,,,84.642,6.825
2009-05-31,1113.2426,1123.9951,1119.1947,1123.9951,1122.4367,44900.28,,9.1941,0.008259,,,,,,19.0,107.7,29.0,155.7,7.3,,,,,,,,,30.5,,4.9,14.8,,,,50.1,,53.5,39.5,,34257.27,11.26,178213.57,17.48,540481.21,25.89,-0.7,1.9,0.2,0.2,,,,,29.72,5918.0,,,,79.233,6.8324
2009-06-30,1149.8541,1156.098,1156.098,1160.8441,1159.3138,59945.18,,9.4597,0.008227,,,,,,,,,,8.9,,,,8.04,4.24,13.09,13.14,,32.9,,5.8,15.2,,,,51.2,,53.1,41.7,,33559.52,11.24,182025.58,18.69,548263.51,25.74,-1.3,1.8,0.3,0.0,,,,,30.6,6669.0,,,,79.908,6.8319
2009-07-31,1178.7282,1199.023,1197.975,1209.2096,1207.9183,77707.58,,29.1901,0.024764,,,,,,,,,,10.7,,,,,,,,,33.6,,8.3,15.0,,,,51.8,,53.2,45.8,,33640.98,11.46,193138.15,24.79,568916.2,28.46,-1.4,1.7,0.9,0.1,,,,,34.44,15304.0,,,,79.285,6.8323
2009-08-31,1268.9365,1276.3038,1236.8153,1276.3038,1239.5676,81413.5,,-29.3689,-0.023144,,,,,,20.6,115.5,31.0,167.1,10.8,,,,,,,,,32.9,,9.5,15.2,,,,52.8,60.1,53.3,49.9,,34239.3,11.59,195889.27,26.37,573102.85,28.42,-2.1,1.5,-0.2,0.0,,,,,33.9,3691.0,,,,78.366,6.8312
2009-09-30,1188.5867,1190.0618,1190.0618,1206.1005,1206.1005,35270.0,,17.5138,0.014735,,,,,,,,,,12.3,,,,9.15,-0.76,12.83,12.09,,33.0,,12.5,15.4,,,,55.1,60.6,54.0,53.5,,34406.62,11.52,200394.83,27.72,576698.95,28.53,-1.5,1.4,0.2,0.1,,,,,34.11,4104.0,,,,77.124,6.829
2009-10-31,1253.5798,1270.5275,1266.6591,1273.543,1266.9004,64100.26,,13.3206,0.010626,,,,,,,,,,13.9,,,,,,,,,33.3,,15.4,15.522151,,,,55.0,58.1,54.3,54.4,,36787.89,15.96,201708.14,29.51,585405.34,29.31,-1.3,1.5,0.1,0.2,,,,,34.16,5167.0,,,,76.3,6.8281
2009-11-30,1315.5217,1335.311,1335.311,1345.3316,1342.0443,93883.38,,26.5226,0.020161,,,,,,22.5,116.7,33.0,172.2,16.1,,,,,,,,,33.1,,16.6,16.214903,,,,55.4,56.5,55.2,56.0,,35730.23,14.09,207545.74,32.03,586643.29,29.42,-0.2,1.7,0.1,0.3,,,,,34.19,2530.0,,,,74.996,6.8272
2009-12-31,1404.5478,1407.5609,1407.5609,1422.2004,1422.2004,74083.3,,17.6526,0.012568,,,,,,,,,,19.2,,,,14.04,0.24,14.43,14.57,,32.1,,17.8,15.812804,,,,55.7,57.1,55.2,54.4,,36343.86,14.99,212493.2,34.63,594604.72,29.74,1.8,1.7,0.1,-0.2,,,,,33.79,2948.0,,,,77.914,6.8282
2010-01-31,1345.2255,1340.019,1327.4623,1344.1662,1329.7502,89472.58,,-15.4753,-0.011504,,9.4,,109.39872563,108.85594768,,,,,18.5,,,11.0,,,,,,30.5,,16.1,17.5374,,,,56.1,57.2,56.6,55.3,,38246.97,11.77,221445.81,32.35,610224.52,27.68,2.7,1.8,-0.2,-0.2,,,0.1,,31.74,3800.0,,,,79.462,6.827
2010-02-28,1375.6243,1377.1178,1376.5392,1381.6658,1378.0268,83681.56,,2.4025,0.001746,,,8.9,,,23.5,115.5,33.9,172.9,,,,,,,,,,,,,14.0,,,,57.4,56.8,55.8,57.2,,40758.58,-0.79,229588.98,38.96,625609.29,25.98,2.6,1.6,0.3,0.0,,,0.9,,29.31,13934.0,,,,80.362,6.8269
2010-03-31,1381.7674,1384.8004,1375.5994,1385.5435,1375.5994,78245.5,,-6.168,-0.004464,,,,,,,,,,12.8,,,,24.77,5.19,17.14,18.57,,26.6,,31.1,22.1,,,,55.8,56.7,52.0,55.8,,42865.79,21.98,224286.95,34.99,636072.26,25.52,2.1,1.3,0.0,0.2,,,-0.2,,27.23,6999.0,,,,81.47,6.8263
2010-04-30,1355.2193,1358.6905,1349.2547,1361.764,1359.8753,81134.14,,4.656,0.003436,,,,,,,,,,18.1,,,,,,,,,26.4,,35.1,18.0,,,,57.0,58.7,55.1,58.8,,39080.58,15.81,229397.93,29.94,649947.46,22.5,2.3,1.1,0.4,0.2,,,0.1,,21.81,5107.0,,,,82.003,6.8263
2010-05-31,1300.7071,1293.7942,1291.8847,1299.6933,1292.0523,96337.54,,-8.6548,-0.006654,,,,,,25.7,117.6,33.1,176.4,17.8,,,,,,,,,26.1,,36.2,18.5,,,,55.2,58.5,55.7,58.1,,39657.54,15.76,233909.76,31.25,656561.22,21.48,2.2,0.9,0.2,0.0,,,0.3,,21.96,7740.0,,,,86.48,6.828
2010-06-30,1258.4786,1247.9548,1245.9743,1252.9812,1252.9812,101747.26,,-5.4974,-0.004368,,,,,,,,,,16.5,,,,26.14,9.49,19.02,19.49,,25.9,,38.2,18.65733,,,,52.7,56.4,53.9,58.3,,38652.97,15.2,236497.88,29.9,663351.37,21.0,2.0,0.9,0.1,0.0,,,0.2,0.3,21.5,6493.0,,,,86.025,6.7909
2010-07-31,1304.7557,1306.2063,1305.7653,1311.7912,1311.7668,130561.88,,7.0111,0.005373,,,,,,,,,,13.7,,,,,,,,,25.5,,38.1,18.3,,,,50.4,55.6,52.1,56.4,,38904.85,15.65,240580.0,24.56,673921.72,18.46,1.1,0.9,-0.1,0.0,,,-0.2,-0.1,18.2,6027.0,,,,81.539,6.775
2010-08-31,1360.5628,1351.937,1342.6831,1351.937,1343.0417,122138.72,,-17.5211,-0.012878,,,,,,26.8,118.9,33.2,178.9,13.4,,,,,,,,,24.9,,37.2,17.948076,,,,49.4,56.3,51.2,56.4,,39543.16,15.5,240664.07,22.9,674051.48,17.6,1.2,0.9,0.0,0.0,,,0.2,0.2,18.4,5327.0,,,,83.164,6.8105
2010-09-30,1393.1995,1380.3663,1378.2798,1397.0534,1397.0534,93085.92,,3.8539,0.002766,,,,,,,,,,13.9,,,,24.01,9.03,18.77,18.62,,24.8,,36.7,18.4,,,,51.9,57.6,51.7,58.0,,39922.76,16.0,244340.64,21.9,687506.92,19.2,1.1,0.9,0.1,0.1,,,0.2,0.0,18.6,5446.0,,,,78.691,6.7011
2010-10-31,1502.7443,1495.6564,1474.8647,1496.1017,1476.5423,180852.28,,-26.202,-0.017436,,,,,,,,,,13.3,,,,,,,,,24.5,,36.4,18.84,,,,52.9,55.2,53.8,56.3,,41854.41,13.78,243821.9,20.87,696471.5,18.96,1.1,0.8,0.1,0.2,,,0.3,0.2,18.5,6004.0,,,,77.266,6.6908
2010-11-30,1467.3327,1465.9609,1445.8771,1469.4672,1467.2423,127343.44,,-0.0904,-6.2e-05,,,,,,27.3,120.0,33.3,180.6,13.1,,,,,,,,,24.4,,36.5,18.64,,,,54.8,56.4,54.7,57.7,,41646.21,16.6,253313.17,22.1,699776.74,19.3,1.2,0.6,0.1,0.1,,,0.4,0.1,19.3,5877.0,,,,80.835,6.6762
2010-12-31,1591.8415,1576.9013,1576.9013,1593.4272,1593.4272,66980.08,,1.5857,0.000996,,,,,,,,,,13.3,,,,22.37,11.22,19.7,19.21,,24.9,,36.5,18.7,,,,55.3,53.1,55.2,57.6,,42252.16,16.3,259420.32,22.1,710339.03,19.5,1.1,0.8,0.0,0.0,2.6,,0.3,0.1,19.8,5689.0,,,,79.521,6.6227
2011-01-31,1609.673,1616.1061,1616.1061,1635.6561,1631.746,46605.92,,22.073,0.013713,2.4,10.6,,110.63587106,110.10283262,,,,,13.5,,,15.7,,,,,,24.5,,33.2,19.1,,,,54.4,53.1,53.9,57.5,,44628.17,16.69,266621.54,21.19,725851.79,19.72,1.5,0.8,0.2,-0.1,2.8,,0.3,0.1,19.9,4807.0,,,,78.133,6.5891
2011-02-28,1588.6185,1599.5151,1596.3102,1612.2619,1611.7433,73834.04,,23.1248,0.014557,,,10.1,,,27.3,120.5,32.9,180.7,,,,,,,,,,,,,19.899985,,,,54.5,52.0,52.9,59.0,,58063.94,42.5,261765.01,13.6,733884.83,17.2,1.6,1.0,0.5,0.2,2.5,,0.6,0.4,18.5,10263.0,,,,77.275,6.5752
2011-03-31,1561.5416,1558.8041,1551.0893,1562.0683,1557.5908,75025.1,,-3.9508,-0.00253,,,,,,,,,,14.9,0.93,,,23.11,22.04,20.89,20.73,,24.9,-0.23,35.2,11.6,1.35,,,51.7,51.9,52.2,59.3,,47270.24,10.3,259200.5,14.5,736130.86,15.7,2.1,1.1,0.5,0.4,3.3,,0.6,0.3,17.7,5377.0,,,,76.118,6.5564
2011-04-30,1544.6223,1537.8705,1525.6802,1537.8705,1526.1556,84368.74,,-18.4667,-0.011955,2.3,,,,,,,,,14.8,1.09,,,24.59,23.15,20.94,20.47,,25.0,2.45,34.1,17.437599,1.26,,,51.8,51.7,53.4,59.1,,44845.22,14.8,266255.48,15.0,758130.88,16.6,2.7,1.2,1.0,0.3,3.9,,0.7,0.5,17.9,6794.0,,,,72.933,6.499
2011-05-31,1522.4563,1524.0076,1519.2004,1527.1901,1525.6195,74511.72,,3.1632,0.002078,,,,,,27.8,119.7,32.3,179.8,13.4,1.32,,,24.03,23.16,20.88,20.67,,25.4,2.22,34.3,17.121601,1.3,,,51.8,51.6,52.9,58.9,,45489.03,14.7,266766.91,12.9,757384.56,15.3,3.2,1.3,0.6,0.2,4.0,2.4,0.5,0.3,17.5,7430.0,,,,74.958,6.4845
2011-06-30,1490.3943,1495.5816,1495.0431,1505.6008,1505.6008,67286.18,,15.2065,0.010203,,,,,,,,,,13.3,0.79,,,22.32,22.62,20.5,20.33,,25.8,1.68,34.6,16.89981,1.39,,,51.6,54.3,52.0,53.7,,44602.83,15.4,269289.63,12.7,763409.22,15.1,3.6,1.5,0.5,0.2,4.1,2.3,0.3,0.2,17.1,5516.0,,,,74.691,6.4716
2011-07-31,1566.7111,1565.8964,1558.354,1571.0033,1559.1813,77525.86,,-7.5298,-0.004806,2.3,,,,,,,,,15.1,1.3,,,21.21,21.74,20.72,20.43,,25.6,1.48,32.9,17.686683,1.49,,,50.1,54.1,50.9,56.6,,44477.8,14.4,274662.57,13.1,780820.85,15.9,3.6,1.6,-0.1,0.2,4.4,2.6,0.1,0.2,16.9,6339.0,,,,73.897,6.4442
2011-08-31,1529.3247,1531.4068,1529.6748,1535.2428,1534.658,72767.4,,5.3333,0.003487,,,,,,28.2,119.5,32.1,179.8,14.0,0.82,,,21.76,22.51,20.62,20.74,,25.4,1.58,33.6,17.2,1.57,,,49.3,53.5,50.7,52.9,,45183.1,14.3,270545.65,11.6,772923.65,14.7,3.6,1.8,0.1,0.1,4.4,2.6,0.2,0.2,16.6,4916.0,,,,73.946,6.3867
2011-09-30,1331.3891,1338.1913,1338.1696,1362.9292,1362.9292,76635.0,,31.5401,0.02369,,,,,,,,,,13.5,0.85,,,21.19,23.38,20.65,20.83,,25.0,1.62,33.2,17.0,1.5,,,49.9,50.6,50.9,53.0,55.30303,45775.29,14.7,273393.77,11.2,780852.3,13.5,3.8,2.0,0.3,0.3,4.4,3.0,0.2,0.4,16.4,5484.0,,,,78.028,6.3549
2011-10-31,1368.471,1367.3864,1344.1447,1367.58,1351.1049,107269.34,,-17.3661,-0.01269,1.8,,,,,,,,,13.8,0.95,,,21.91,24.15,20.42,20.51,,24.9,1.88,32.0,17.7,,,,49.9,53.0,51.2,52.8,,47145.29,12.7,267193.16,8.9,787406.2,13.0,3.9,2.0,0.2,0.2,4.5,3.0,0.4,0.2,15.9,4693.0,,,,75.067,6.3233
2011-11-30,1320.7783,1323.8876,1306.9063,1323.8876,1309.0611,75062.5,,-11.7172,-0.008871,,,,,,28.1,118.0,32.0,178.1,13.2,0.71,,,20.72,24.17,19.76,19.88,,24.9,1.42,31.1,17.249736,1.56,,,51.0,54.1,50.4,51.8,56.338028,46579.39,11.9,276552.67,8.4,816829.25,12.9,3.5,2.1,-0.2,0.2,3.7,2.6,-0.4,-0.3,15.8,5868.0,,,,79.007,6.3482
2011-12-31,1317.432,1322.0407,1318.0182,1326.1649,1323.1581,63910.96,,5.7261,0.004346,,,,,,,,,,12.4,0.68,,,19.66,22.79,19.41,19.33,,24.5,1.43,29.9,17.3,1.26,,,47.7,52.5,49.0,52.1,51.315789,47317.26,12.0,281416.37,7.8,825493.94,12.7,3.4,2.2,-0.1,0.1,3.7,2.7,0.3,0.2,15.6,5629.0,,,,80.178,6.3009
2012-01-31,1389.4531,1389.6422,1386.0338,1393.7497,1393.1796,51685.46,,3.7265,0.002682,1.6,9.6,,109.55083218,108.95381604,,,,,12.8,0.94,,13.9,19.55,20.78,18.8,18.33,,23.8,1.53,27.9,18.1,1.41,,,48.7,52.5,50.3,53.1,,50748.46,13.8,289847.7,7.9,851590.9,13.6,3.0,2.2,-0.2,-0.1,3.3,2.6,-0.1,0.0,15.8,6406.0,,,,79.167,6.3115
2012-02-29,1420.3649,1418.9269,1415.8324,1422.6213,1422.4378,54082.84,,2.0729,0.001459,,,9.0,,,27.9,118.0,31.6,177.5,,,,,,,,,,,1.7,,,,,,48.8,52.5,50.5,52.8,,59820.72,3.0,270010.4,3.1,855898.89,12.4,2.9,2.3,0.4,0.2,3.1,2.6,0.4,0.4,15.0,7381.0,,,,78.273,6.2919
2012-03-31,1405.4191,1405.7331,1403.4052,1407.1407,1404.7358,50222.02,,-0.6833,-0.000486,,,,,,,,,,21.28,0.5,,,18.05,18.31,17.41,15.93,,21.46656486,1.84,27.8,,0.19,,,49.6,53.9,51.0,52.4,70.934959,51448.78,8.8,270312.11,4.3,867171.42,13.0,2.9,2.2,0.4,0.3,2.8,2.6,0.3,0.3,15.2,7107.0,,,,79.004,6.2943
2012-04-30,1404.9565,1408.0905,1404.2708,1408.0905,1404.657,62729.14,,-0.2995,-0.000213,1.7,,,,,,,,,11.91,1.25,,,17.2,16.42,15.72,15.43,,20.9,1.16,23.5,15.2,1.21,,,48.3,53.3,53.1,53.0,57.983871,49595.74,10.6,277998.11,4.4,895565.5,13.4,2.7,2.3,0.8,0.4,2.3,2.3,0.2,0.2,15.7,10114.0,,,,78.709,6.2787
2012-05-31,1322.5091,1310.7659,1310.085,1318.8007,1314.1898,84927.16,,-8.3193,-0.006291,,,,,,28.2,121.7,31.5,181.4,9.3,0.33,,,16.67,15.77,14.61,14.37,,20.24198818,1.0,18.7,14.078876,0.93,,,49.3,54.1,53.3,53.7,50.10582,50199.32,10.4,274983.82,3.1,889604.04,12.8,2.3,2.3,0.3,0.2,2.1,2.2,0.3,0.3,15.4,6818.0,,,,83.018,6.3355
2012-06-30,1300.5754,1297.7807,1294.8317,1310.632,1310.632,113989.2,,10.0566,0.007732,,,,,,,,,,9.56,0.89,,,15.89,14.33,14.17,13.66,,20.14912633,1.9,18.5,13.793596,1.1,,,48.4,54.7,50.4,53.2,55.950617,49039.72,10.0,278656.31,3.5,900048.77,13.2,1.7,2.3,-0.1,0.1,1.7,2.2,-0.1,0.2,15.7,7932.0,,,,81.627,6.3249
2012-07-31,1301.4905,1301.5329,1300.8408,1308.1256,1307.8193,151386.06,,6.3288,0.004863,2.2,,,,,,,,,9.49,0.83,,,16.39,12.86,13.39,13.25,,20.44694843,1.89,16.6,13.7,1.12,,,48.2,52.3,50.2,51.0,45.601093,49284.64,10.8,287526.17,4.7,924991.2,13.6,1.7,2.2,-0.1,0.1,1.3,1.9,-0.3,-0.1,16.0,9198.0,,,,82.794,6.332
2012-08-31,1310.1005,1304.9529,1300.7152,1305.9853,1302.9685,124892.3,,-7.132,-0.005444,,,,,,28.7,124.9,31.4,185.0,9.23,0.59,,,15.43,12.5,12.86,12.62,,20.44958671,1.37,15.4,13.1,1.03,,,49.3,53.1,50.1,50.6,51.577381,49705.85,10.0,283090.68,4.6,919072.4,13.9,1.4,2.1,-0.2,0.0,1.0,1.7,-0.1,-0.1,16.0,5401.0,,,,81.691,6.3449
2012-09-30,1338.0056,1344.8118,1340.6955,1351.738,1351.3777,76858.5,,13.3721,0.009994,,,,,,,,,,8.88,0.61,,,15.58,11.26,12.6,12.16,,20.2476768,1.2,15.6,13.2,1.11,,,47.9,52.0,49.2,51.1,48.649871,50235.06,9.7,285739.27,4.5,924894.59,13.5,1.7,1.9,0.6,0.1,1.1,1.2,0.3,-0.1,16.1,7039.0,,,,79.935,6.341
2012-10-31,1323.36,1323.87,1320.45,1329.5,1328.96,109989.04,,5.6,0.004232,1.9,,,,,,,,,9.21,0.89,,,16.52,10.05,12.38,11.88,,20.54710994,1.99,15.4,14.2,1.32,,,,54.3,49.8,52.2,49.5,53433.49,13.3,286788.21,7.3,943688.75,14.8,2.0,2.0,0.4,0.3,1.4,1.3,0.7,0.3,16.3,6226.0,,,,79.931,6.3002
2012-11-30,1312.46,1317.84,1312.46,1322.62,1322.35,116901.66,,9.89,0.007535,,,,,,29.6,127.0,32.2,188.8,9.56,0.76,,,14.98,8.32,12.12,11.54,,20.7478651,1.6,15.4,14.5,1.18,,,49.5,53.5,50.2,51.2,52.8,51467.71,10.5,293309.78,6.1,936404.28,14.1,2.2,2.0,0.0,0.2,1.9,1.6,0.1,0.1,15.9,5054.0,,,,80.204,6.2892
2012-12-31,1371.87,1371.33,1370.15,1381.8,1378.96,91222.5,,7.09,0.005168,,,,,,,,,,10.1,0.86,,,15.86,7.86,12.37,11.74,,20.7378288,1.48,16.7,14.9,1.21,,,51.5,52.1,50.6,49.5,55.7,52392.12,10.7,296883.05,5.5,944832.35,13.9,1.8,1.9,-0.5,0.0,1.7,1.9,0.1,0.5,15.7,5220.0,,,,79.678,6.2855
2013-01-31,1398.88,1404.3,1398.88,1406.88,1406.43,79418.8,,7.55,0.005397,2.0,7.9,,107.86373645,107.13452378,,,,,10.31,0.9,,10.0,16.93,7.19,11.97,11.21,,20.64808915,1.47,16.2,15.2,1.25,,,,51.7,50.6,50.4,64.5,54659.77,7.7,308664.23,6.5,974148.8,13.8,1.7,1.9,-0.3,-0.1,1.8,2.0,0.0,0.1,15.0,4546.0,,,,79.281,6.2795
2013-02-28,1350.95,1355.38,1353.07,1359.42,1358.2,105213.96,,7.25,0.005367,,,7.1,,,30.0,128.1,32.3,190.4,,,,,,,,,,,1.69,,,,,,52.3,54.0,50.4,52.3,61.0,62449.63,4.4,311228.55,15.3,992129.25,15.9,1.6,1.9,0.3,0.3,1.7,1.7,0.3,0.1,15.4,10721.0,,,,81.602,6.2779
2013-03-31,1300.0,1288.3,1286.15,1299.81,1293.57,125354.04,,-6.43,-0.004946,,,,,,,,,,,0.61,,,15.97,7.51,12.05,12.61,,21.2,1.5,22.8,,0.14,,,50.4,52.1,50.1,53.1,68.3,60313.65,17.2,296103.24,9.5,998600.83,15.2,2.0,2.0,0.8,0.4,1.6,1.4,0.2,0.0,15.0,6200.0,,,,83.221,6.2689
2013-04-30,1222.94,1235.22,1223.63,1239.83,1226.4,129179.92,,3.46,0.002829,1.7,,,,,,,,,8.9,0.72,,,14.86,8.82,12.14,11.68,75.3,20.9,1.48,20.2,12.60029,1.5,,,51.6,54.3,50.9,51.5,60.9,55460.52,12.4,310898.29,11.9,1035858.37,15.7,1.5,1.9,0.3,0.3,1.4,1.4,0.0,0.2,14.9,10625.0,,,,82.147,6.2208
2013-05-31,1226.26,1230.3,1224.63,1234.45,1226.5,124568.66,,0.24,0.000196,,,,,,31.1,132.4,32.7,196.2,9.29,0.8,,,13.34,7.95,12.02,11.35,,20.6,1.57,21.1,12.8,0.99,,,50.4,51.1,50.6,50.0,61.1,55607.15,10.8,307648.42,11.9,1032551.9,16.1,1.1,1.7,-0.1,0.1,0.9,1.3,-0.2,0.2,14.9,7923.0,,,,83.042,6.1796
2013-06-30,1184.53,1178.22,1176.17,1186.49,1182.59,135145.16,,-1.94,-0.001638,,,,,,,,,,9.22,0.74,,,13.7,7.11,11.92,11.18,,20.4,1.32,20.6,12.892196,0.95,,,49.2,51.2,50.8,50.0,61.4,54431.39,10.8,310204.48,11.3,1042169.16,15.8,1.4,1.7,0.2,0.1,0.9,0.9,-0.1,-0.3,14.5,6694.0,,,,83.136,6.1787
2013-07-31,1185.03,1180.53,1180.17,1193.68,1193.39,122311.46,,8.36,0.007055,1.8,,,,,,,,,8.89,0.62,10.0,,13.77,7.19,11.77,10.83,75.2,20.1,1.28,20.3,13.31247,1.09,,,48.2,51.3,50.1,52.5,57.1,54063.91,9.9,313499.82,9.1,1054403.69,14.0,1.8,1.6,0.2,0.1,1.6,1.3,0.4,0.4,14.2,8628.0,,,,81.829,6.1788
2013-08-31,1258.68,1253.89,1247.54,1256.52,1251.7,171261.84,,-6.98,-0.005545,,,,,,32.4,134.4,33.8,200.6,9.67,0.9,10.1,,12.69,6.1,11.68,10.66,,20.1,1.6,20.5,13.212343,1.08,,,47.7,51.3,50.3,54.9,59.9,54412.78,9.5,310596.46,9.7,1052212.34,14.5,2.0,1.7,0.0,0.1,1.9,1.7,0.2,0.3,14.3,6997.0,,,,82.087,6.1709
2013-09-30,1246.35,1245.13,1244.46,1248.12,1245.89,66638.18,,-0.46,-0.000369,,,,,,,,,,10.39,1.09,10.2,,12.91,5.73,11.6,10.92,,20.3,1.54,19.3,13.370123,0.92,,,50.2,52.8,51.0,56.3,58.4,54925.35,9.3,314085.91,9.9,1061256.43,14.7,1.5,1.8,0.1,0.2,1.7,1.8,0.1,0.0,14.1,7128.0,,,,80.287,6.148
2013-10-31,1243.21,1241.5,1236.0,1241.5,1237.58,124948.1,,-5.63,-0.004529,2.2,,,,,,,,,10.22,0.54,10.3,,12.29,6.03,11.55,10.88,75.9,20.2,1.15,19.7,13.3,1.02,,,,52.4,51.1,56.0,58.6,56492.53,5.7,312330.34,8.9,1077379.16,14.2,1.2,1.7,0.1,0.2,1.0,1.6,0.0,0.1,14.3,7870.0,,5.72,,79.777,6.1425
2013-11-30,1229.7,1232.42,1230.75,1236.0,1234.83,77055.2,,5.13,0.004172,,,,,,33.3,135.5,35.0,203.8,10.34,0.85,10.4,,12.5,6.23,11.59,10.91,,20.1,0.59,19.2,13.320159,0.96,,,50.9,52.6,51.4,56.6,61.7,55595.72,8.0,319509.38,8.9,1070242.17,14.3,1.0,1.7,-0.3,0.2,1.1,1.7,0.2,0.2,14.2,5060.0,,5.73,,80.68,6.1325
2013-12-31,1213.84,1211.98,1207.0,1213.18,1208.4,101649.18,,-5.44,-0.004482,,,,,,,,,,9.97,0.73,10.5,,12.76,6.56,11.38,10.91,,19.9,1.5,19.5,13.721251,1.0,,,50.8,52.5,51.4,57.0,69.6,56441.27,7.7,324821.92,9.4,1079257.06,14.2,1.2,1.7,-0.2,0.0,1.2,1.4,0.2,0.2,14.2,6246.0,,5.73,,80.0,6.0969
2014-01-31,1160.44,1158.92,1153.21,1160.58,1156.54,48533.0,,-3.9,-0.003361,1.6,7.8,,107.7661501,107.05073413,,,,,9.68,0.51,10.5,9.7,13.97,6.83,11.86,11.64,76.8,19.6,1.45,19.8,13.6,0.94,,,50.5,50.9,51.0,56.5,61.9,58574.44,7.1,337291.05,9.3,1106524.98,13.6,1.5,1.7,0.0,-0.1,1.3,1.3,0.1,0.0,14.1,4824.0,,5.73,,81.085,6.105
2014-02-28,1142.83,1142.75,1136.19,1147.01,1138.27,120989.46,,-4.56,-0.00399,,,7.1,,,33.5,135.9,35.8,205.2,,,,,,,,,,,,,,,,,49.5,50.7,50.5,51.3,60.5,76488.6,22.5,314900.55,1.2,1123521.21,13.2,1.6,1.6,0.4,0.2,1.3,1.4,0.3,0.2,14.3,13190.0,,5.76,,80.285,6.1214
2014-03-31,1126.14,1127.85,1124.9,1132.8,1127.56,117086.08,,1.42,0.001261,,,,,,,,,,,0.55,9.8,,12.72,10.19,10.35,9.13,,17.9,1.49,19.3,,0.85,,,48.5,51.0,50.2,53.2,59.9,62320.95,3.3,316625.11,6.9,1131760.83,13.3,1.1,1.6,0.4,0.3,1.3,1.6,0.2,0.2,14.2,6448.0,,5.76,,80.176,6.1521
2014-04-30,1123.48,1124.51,1118.38,1124.51,1119.49,79761.14,,-3.99,-0.003551,1.8,,,,,,,,,8.83,0.92,9.9,,13.1,10.7,10.6,10.0,75.4,17.6,1.09,16.8,12.2404,1.1,,,48.0,51.9,50.3,53.7,57.4,58329.3,5.2,327683.74,5.4,1160687.38,12.1,1.5,1.7,0.6,0.4,1.7,1.7,0.4,0.3,13.9,10497.0,,5.77,,79.808,6.158
2014-05-31,1119.91,1119.77,1114.48,1120.18,1116.75,113895.54,,-3.16,-0.002822,,,,,,34.4,140.6,36.0,211.0,8.73,0.57,9.9,,12.6,12.0,10.8,10.1,,17.3,1.16,16.4,11.93653,0.81,,,48.1,51.4,50.4,54.9,51.9,58615.54,5.4,324482.52,5.5,1168812.67,13.2,2.0,1.8,0.3,0.3,1.9,1.5,0.1,0.0,13.7,7745.0,,5.77,,80.369,6.1695
2014-06-30,1132.0,1129.08,1125.24,1129.08,1126.37,136534.82,,-5.63,-0.004973,,,,,,,,,,8.82,0.58,9.9,,12.6,12.5,10.7,10.0,,17.2,0.97,14.7,12.514318,1.01,,,49.4,50.7,50.8,55.4,52.4,58051.11,6.7,327839.56,5.7,1182293.96,13.4,2.1,2.0,0.3,0.2,2.2,2.1,0.2,0.3,13.9,8708.0,,5.76,,80.017,6.1528
2014-07-31,1094.79,1095.22,1092.92,1096.69,1094.55,127213.78,,-0.24,-0.000219,1.9,,,,,,,,,9.18,0.55,9.9,,12.7,12.6,11.2,10.4,75.5,17.3,1.04,14.1,12.42793,0.79,,,50.7,53.1,51.0,55.3,49.8,56951.05,5.3,341487.45,8.9,1209587.2,14.7,2.1,1.9,0.2,0.1,1.7,1.7,-0.1,0.0,14.0,10793.0,,5.76,,81.432,6.1675
2014-08-31,1065.8,1065.59,1061.78,1066.53,1064.81,149722.26,,-0.99,-0.000929,,,,,,35.2,143.8,36.8,215.8,9.04,0.76,9.9,,11.9,14.6,,,,17.0,0.91,13.7,12.22174,0.94,,,51.7,50.0,51.7,57.1,52.7,57346.5,5.4,331347.32,6.7,1194249.24,13.5,2.0,1.9,0.0,0.0,1.9,1.9,0.4,0.5,13.4,3852.0,,5.76,,82.748,6.1647
2014-09-30,1005.38,1008.12,1007.67,1016.54,1009.01,147174.2,,3.63,0.003611,,,,,,,,,,6.88,0.13,9.7,,11.3,15.6,10.8,9.5,,16.5,0.92,13.2,11.901354,0.8,,,50.2,54.1,51.1,59.0,54.4,57997.61,5.6,332023.23,5.7,1197499.08,12.8,1.7,1.7,-0.2,0.1,1.8,1.9,0.0,0.0,13.3,7025.0,,5.76,,85.591,6.1525
2014-10-31,1025.72,1022.8,1019.84,1027.75,1025.18,236993.44,,-0.54,-0.000526,1.8,,,,,,,,,7.99,0.9,9.6,,11.0,15.1,10.7,9.2,75.2,16.1,1.01,12.5,11.567603,0.79,,,50.2,53.5,51.1,56.6,51.6,58844.99,4.2,327220.21,4.8,1202051.41,12.9,1.7,1.7,0.1,0.2,1.6,1.7,-0.2,-0.1,13.2,8572.0,,5.76,,86.147,6.1461
2014-11-30,1007.78,1001.67,997.04,1003.6,998.85,246760.82,,-8.93,-0.008861,,,,,,35.7,142.1,38.0,215.8,7.7,0.43,9.5,,11.1,14.4,,,,15.9,0.95,12.4,11.520769,0.91,,,50.4,52.9,50.8,59.0,51.2,57691.64,3.8,329617.73,3.2,1199236.31,12.6,1.7,1.8,-0.3,0.2,1.6,1.9,0.2,0.4,13.2,5483.0,,5.51,,88.356,6.1345
2014-12-31,1007.9,1008.13,1005.21,1012.63,1008.5,186571.36,,0.6,0.000595,,,,,,,,,,7.21,0.35,9.4,,10.8,13.6,10.0,8.6,,15.8,0.94,11.9,11.720801,0.87,,,49.6,53.0,50.3,58.7,50.5,58438.53,3.5,335114.13,3.2,1208605.95,12.3,1.3,1.7,-0.5,-0.1,1.3,1.7,-0.2,0.0,13.4,8527.0,,5.51,,89.991,6.119
2015-01-31,977.37,975.68,967.63,975.68,968.25,174797.76,,-9.12,-0.009331,1.7,7.4,,107.42576366,106.75076032,,,,,7.9,0.74,9.4,8.3,10.0,12.6,,,76.1,15.7,0.94,10.5,11.889118,0.96,,,,53.4,50.1,55.1,54.9,60259.53,2.9,348056.41,3.2,1228374.81,12.2,0.8,1.6,-0.6,-0.2,0.9,1.9,-0.3,0.2,13.6,6973.0,,5.51,,94.88,6.137
2015-02-28,1004.77,1006.28,1002.27,1008.28,1005.59,180159.48,,0.82,0.000816,,,,,,36.0,142.4,38.8,217.2,,,,,,,9.3,7.4,,,,,,,,,49.7,51.8,49.8,53.5,53.2,63040.5067311397,-17.6,348109.502246194,10.6,1242710.2185385998,10.8,-0.1,1.6,-0.5,0.2,0.0,1.7,-0.6,0.0,13.9,14707.8839839028,,5.51,,95.25,6.1475
2015-03-31,978.13,979.74,972.52,979.74,973.41,212295.42,,-4.72,-0.004826,,,6.8,,,,,,,,0.45,7.5,,10.8,8.5,8.4,6.9,,13.9,0.76,10.4,,0.8,,,50.7,52.0,49.9,52.9,56.6,72896.1934842638,17.0,334439.222672921,5.6,1257380.4784755006,12.5,0.0,1.7,0.4,0.3,-0.6,1.1,-0.5,-0.4,14.3,11436.9815368873,,5.3,,97.9716,6.1422
2015-04-30,996.68,998.3,998.3,1009.84,1008.69,204965.42,,12.01,0.01205,1.6,,,,,,,,,5.63,0.28,7.2,,9.3,7.7,8.2,6.4,74.2,13.5,0.92,8.5,10.244532,0.86,,,49.6,52.3,50.1,51.5,57.2,61949.81,6.2,337210.52,2.9,1275332.78,11.6,-0.1,1.8,0.6,0.4,-0.8,0.9,0.2,0.1,14.0,9919.8619963599,85.09,5.3,,95.2152,6.1137
2015-05-31,1000.04,1000.2,995.53,1001.86,1001.85,166528.86,,1.81,0.00181,,,,,,36.8,140.3,36.3,213.4,5.93,0.52,7.0,,8.6,7.0,7.9,6.0,,12.0,0.85,6.0,10.002445,0.74,,,48.9,52.9,50.1,51.5,61.3,60772.46,3.7,336388.24,3.7,1280779.14,10.1,-0.2,1.8,0.2,0.3,-1.1,0.9,-0.2,0.0,14.1,8045.0603865113,,5.05,,96.8649,6.1196
2015-06-30,963.78,963.18,944.69,963.18,950.07,268788.42,,-13.71,-0.014225,,,,,,,,,,6.09,0.51,6.9,,8.8,7.1,7.8,5.7,,11.4,0.98,5.1,10.130209,0.81,,,49.2,53.5,50.2,52.8,55.8,59075.97,1.8,343085.86,4.7,1307357.63,10.8,0.0,1.7,0.5,0.1,-0.9,0.7,0.4,0.1,14.0,8510.1818136305,,4.8,,94.9528,6.1136
2015-07-31,900.94,900.49,900.36,905.06,901.52,201049.96,,0.58,0.000644,2.0,,,,,,,,,6.79,0.71,7.1,,7.9,7.4,7.6,5.7,74.3,11.4,0.99,4.6,10.631952,0.93,,,49.4,51.8,50.2,53.5,51.5,58604.2643447653,2.9,356082.85545863,4.3,1333375.3645385266,11.8,0.1,1.8,0.4,0.1,-0.5,1.0,0.3,0.3,13.4,13239.5587981779,88.07,4.8,,97.4856,6.1172
2015-08-31,892.71,893.14,886.64,893.14,886.91,257726.22,,-5.8,-0.006497,,,,,,37.7,149.3,34.4,221.4,5.98,0.2,7.0,,7.6,6.8,7.6,5.7,,11.2,0.95,4.3,10.512323,0.79,,,47.8,53.8,50.0,52.7,52.1,59010.7076885211,2.9,353122.193829435,6.6,1353210.924825993,13.3,0.2,1.8,0.0,0.0,-0.7,0.7,0.2,0.2,15.5,5890.468935472,,4.55,,96.143,6.3893
2015-09-30,866.54,869.05,866.62,871.38,870.64,138530.38,,4.1,0.004731,,,,,,,,,,6.1,0.5,7.0,,7.9,5.7,7.5,5.8,,10.9,0.95,3.5,10.792317,0.89,,,47.3,51.5,49.7,51.1,51.1,59061.79,1.8,362793.73,9.3,1356907.98,13.3,0.2,1.8,-0.1,0.1,-0.9,0.7,-0.2,0.0,15.4,7755.9196169245,,4.55,,95.915,6.3613
2015-10-31,864.67,864.01,859.6,864.01,861.5,177844.64,,-3.17,-0.003666,1.7,,,,,,,,,5.71,0.52,7.0,,8.0,4.9,,,74.0,10.3,0.9,2.6,10.9,0.84,,,47.2,50.5,49.8,50.2,54.0,61022.97,3.7,364416.9,11.4,1359824.06,13.1,0.0,1.9,-0.2,0.3,-1.1,0.7,-0.4,-0.1,15.4,10417.2448626495,90.48,4.3,,96.8957,6.3495
2015-11-30,828.89,827.41,817.25,827.41,821.47,239616.98,,-7.42,-0.008952,,,,,,38.6,150.4,36.4,225.4,5.61,0.4,7.0,,8.0,4.5,7.3,5.4,,10.2,0.98,2.0,11.023401,0.81,,,48.3,52.0,49.8,50.1,54.5,59900.4753508375,3.8,375806.4496770852,14.0,1361020.7046269774,13.5,0.2,1.9,0.0,0.3,-1.5,0.2,-0.3,-0.2,15.4,5573.7556653694,,4.3,,100.0598,6.3962
2015-12-31,861.04,860.61,860.28,867.37,862.03,238949.1,,0.99,0.00115,,,,,,,,,,6.17,0.58,7.0,,7.8,4.6,7.1,5.3,,10.2,0.91,1.3,11.172228,0.89,,,48.6,51.2,49.6,48.6,54.0,60328.24,3.2,387618.32,15.7,1373956.01,13.7,0.5,2.0,-0.2,0.0,-1.3,0.3,0.1,0.1,14.9,8872.9024300179,,4.3,,98.2342,6.4936
2016-01-31,859.03,859.1,854.32,859.48,857.56,219167.88,,-1.47,-0.001711,1.6,7.0,,107.04132888,106.42073648,,,,,5.89,0.49,7.0,6.1,7.9,3.3,6.9,5.6,74.6,10.0,0.9,1.0,11.1,0.76,,,48.2,50.2,49.7,48.0,51.2,63216.5779701258,4.9,400953.4400483,15.2,1392278.1091988052,13.3,0.7,2.1,-0.3,-0.1,-1.1,0.3,-0.1,0.2,14.3,8323.0832311062,92.75,4.3,,99.5543,6.5516
2016-02-29,889.85,891.26,883.27,891.26,890.15,298955.5,,0.3,0.000337,,,6.4,,,39.2,151.5,36.9,227.6,,,,,,,,,,,,,,,,,48.4,52.4,49.4,48.2,55.8,72526.51,15.1,412685.64,18.6,1416319.55,14.0,1.4,2.2,0.2,0.3,-0.1,0.8,0.4,0.5,15.3,25370.0702168714,95.2890377136,4.3,,98.1219,6.5452
2016-03-31,938.01,937.93,929.88,939.16,939.03,343426.16,,1.02,0.001087,,,,,,,,,,,0.45,6.0,,8.2,0.7,5.8,5.5,,10.2,0.75,3.0,,0.82,,,48.0,51.2,49.0,49.5,59.7,69421.5,-4.8,392504.7,17.4,1424618.68,13.3,1.0,2.3,0.1,0.5,0.1,1.2,-0.3,0.0,14.7,8105.4423087358,96.0995819444,4.3,,94.8358,6.4612
2016-04-30,1038.48,1040.64,1040.64,1056.57,1054.23,317685.88,,15.75,0.015166,1.6,,,,,,,,,6.79,0.62,6.5,,8.3,0.0,5.7,5.2,72.9,10.7,0.88,6.2,10.5,0.88,,,49.7,52.2,50.2,51.8,59.3,64651.21,4.4,411581.31,22.1,1446198.03,13.4,0.9,2.2,0.4,0.3,-0.1,1.0,0.0,-0.1,14.7,13175.5618029027,97.4171381247,4.3,,93.0482,6.4589
2016-05-31,957.41,957.96,954.52,964.42,954.7,278577.32,,-2.71,-0.002831,,,,,,40.4,157.3,35.2,232.9,6.01,0.42,6.6,,8.8,-1.2,5.7,4.8,,10.5,0.91,7.2,10.1,0.85,,,49.4,51.8,50.1,50.8,58.2,64403.17,6.0,413504.84,22.9,1445209.59,12.8,1.1,2.1,0.5,0.3,0.3,1.2,0.2,0.2,14.4,5642.0527185587,97.9813433966,4.3,,95.7204,6.579
2016-06-30,1056.315,1056.3576,1052.3157,1082.3262,1074.3693,357204.51,,18.0543,0.017092,,,,,,,,,,6.01,0.45,6.7,,8.6,-1.1,5.8,4.9,,9.6,0.73,7.0,10.0,0.8,,,49.2,51.2,50.1,51.3,57.1,62780.71,6.3,424250.7,23.7,1461695.11,11.8,1.0,2.2,0.4,0.2,0.1,1.1,0.2,0.0,14.4,9374.2676877066,98.9187701654,4.3,,95.6508,6.6312
2016-07-31,1095.87,1095.89,1077.8,1097.45,1079.34,265228.72,,-16.53,-0.015084,1.8,,,,,,,,,6.18,0.5,6.9,,8.0,-1.9,5.7,4.6,73.1,9.0,0.69,6.1,10.6,0.91,,,48.6,52.7,50.0,53.2,56.3,62818.89,7.2,443643.7,24.6,1490491.83,11.8,1.0,2.2,0.3,0.1,0.3,1.2,0.5,0.4,14.3,13141.1075103698,100.2328809164,4.3,,95.5773,6.6511
2016-08-31,1085.35,1085.97,1073.93,1089.06,1074.25,208898.42,,-11.1,-0.010227,,,,,,42.1,156.8,36.8,235.7,6.03,0.51,6.9,,9.4,-1.8,5.7,4.5,,8.1,0.55,5.3,10.2,0.79,,,50.6,51.7,49.9,52.6,54.5,63276.01,7.2,442934.43,25.4,1491558.72,10.2,0.8,2.2,-0.2,0.0,0.0,0.9,-0.1,-0.1,12.9,4550.2231574715,100.6878104184,4.3,,96.0468,6.6908
2016-09-30,1106.71,1106.51,1097.7,1106.54,1103.13,152599.68,,-3.58,-0.003235,,,,,,,,,,6.32,0.56,6.9,,8.5,-1.6,5.8,4.6,,8.1,0.66,5.4,10.6,0.89,,,50.1,52.1,50.4,49.4,57.4,63454.7,7.4,454543.6,25.3,1510982.91,11.4,1.1,2.3,0.1,0.2,0.0,0.9,-0.2,0.0,13.0,7969.196205642,101.4848228527,4.3,,95.5266,6.6778
2016-10-31,1203.37,1202.92,1201.15,1216.12,1214.09,239744.9,,10.72,0.008908,1.7,,,,,,,,,6.11,0.45,6.9,,8.7,-0.8,5.9,4.7,73.2,8.2,0.58,5.8,10.7,0.81,,,,52.0,50.4,51.5,58.5,65068.62,6.6,454340.25,24.7,1516360.5,11.5,1.5,2.2,0.2,0.2,0.6,1.2,0.3,0.2,13.0,12628.0636500888,102.7476292177,4.3,,98.3285,6.7641
2016-11-30,1349.35,1346.45,1311.35,1346.45,1322.69,239111.14,,-26.66,-0.019758,,,,,,43.7,156.7,37.2,237.6,6.1,0.49,6.9,,9.4,-0.3,6.3,5.1,,8.3,0.59,6.6,10.0,0.72,,,51.2,52.4,51.2,51.9,60.8,64214.93,7.2,465446.65,23.9,1519485.4,11.6,1.6,2.1,0.1,0.2,1.2,1.5,0.3,0.1,13.1,6010.3306012707,103.3486622778,4.3,,100.9569,6.8865
2016-12-31,1321.85,1319.51,1303.17,1319.51,1304.58,154022.8,,-17.27,-0.013065,,,,,,,,,,6.22,0.54,6.9,,9.0,0.5,6.7,5.6,,8.3,0.57,6.5,10.8,0.94,,,50.9,53.1,51.7,53.2,61.4,64903.5,7.6,475405.54,22.7,1530432.06,11.4,1.7,2.1,-0.2,0.0,1.3,1.7,0.2,0.3,13.1,8463.2620446455,104.1949884823,4.3,,102.3661,6.937
2017-01-31,1389.24,1387.14,1387.14,1407.63,1406.75,96487.42,,17.51,0.012604,1.6,6.8,,106.84876221,106.23821545,,,,,6.0,0.49,6.8,6.0,9.6,3.2,7.1,6.3,73.8,8.1,0.56,6.9,10.9,0.86,,,51.9,53.4,51.4,54.5,59.8,68303.8678027842,8.1,486557.237370892,21.4,1550066.66781086,11.3,2.1,2.2,0.0,0.0,1.6,1.6,0.3,0.1,13.5,9942.7879802376,105.1892480827,4.3,,100.458,6.8588
2017-02-28,1406.31,1405.92,1388.71,1409.75,1390.41,169178.42,,-15.9,-0.011306,,,,,,44.7,157.3,36.6,238.6,,0.58,,,,,,,,,,,,,,,51.0,53.1,51.3,56.0,61.5,86598.61,19.4,472526.45,14.5,1584194.56383135,10.7,2.5,2.3,0.6,0.4,1.7,1.4,0.4,0.4,12.6,23133.0,107.4993,4.3,,101.1551,6.875
2017-03-31,1335.25,1338.57,1326.22,1346.11,1332.49,192898.28,,-2.76,-0.002067,,,,,,,,,,,0.57,6.9,,10.9,6.1,7.8,6.6,,8.9,0.57,8.9,,0.55,,,51.7,52.6,51.8,57.7,59.4,71727.69,3.3,476527.6,21.4,1589856.99535048,10.4,2.7,2.2,0.3,0.4,2.0,1.3,0.0,-0.1,13.0,10317.0,108.5311,4.3,,100.5245,6.8993
2017-04-30,1282.4,1283.16,1283.16,1297.46,1294.14,199449.28,,11.74,0.009155,1.7,,6.2,,,,,,,7.61,0.76,7.4,,10.5,8.2,7.9,6.6,75.8,9.2,0.61,9.1,10.9,0.85,,,51.2,52.2,51.2,57.2,63.9,68605.05,6.1,488770.09,18.8,1607938.98002212,10.1,2.4,2.0,0.1,0.1,2.2,1.5,0.2,0.2,12.4,11586.0,109.6897,4.3,,99.0576,6.8931
2017-05-31,1267.18,1264.2,1223.39,1268.42,1223.39,197626.02,,-43.79,-0.034557,,,,,,46.0,160.7,34.9,241.6,6.51,0.46,7.3,,10.7,10.4,7.9,6.7,,8.9,0.58,9.3,10.7,0.76,,,50.3,51.5,51.2,54.8,56.2,68392.5963723013,6.2,490180.419727418,18.5,1603918.84024284,9.8,2.2,1.9,0.3,0.1,2.5,1.8,0.4,0.4,12.9,10806.0,110.7702,4.3,,97.3929,6.8633
2017-06-30,1295.11,1293.91,1282.54,1295.58,1294.04,196387.34,,-1.07,-0.000826,,,,,,,,,,6.53,0.51,7.2,,10.0,9.3,7.7,6.5,,8.6,0.56,8.8,10.7,0.79,,,49.6,52.8,51.7,54.9,59.5,67333.2071410556,7.3,496389.782173158,17.0,1609740.77375527,9.1,1.9,1.7,0.1,0.1,2.2,2.1,-0.1,0.3,12.9,11780.0,111.9483,4.3,,95.5803,6.7744
2017-07-31,1353.88586,1355.89734,1355.89734,1387.11243,1385.3269,24316176.0,22203088.0,31.44104,0.023223,1.8,,,,,,,,,7.58,0.76,7.4,,9.4,8.6,7.7,6.4,76.8,8.6,0.5,8.5,11.0,0.91,,,50.4,51.6,51.4,57.8,58.2,66977.6816200452,6.6,510228.165976735,15.0,1639497.04513491,9.1,1.6,1.7,0.1,0.1,1.8,1.8,0.1,0.1,12.9,14474.0,113.3957,4.3,,93.3299,6.7283
2017-08-31,1451.46716,1449.7854,1440.96558,1460.63843,1458.05115,17893868.0,20385064.0,6.58399,0.004536,,,,,,47.2,159.4,35.4,242.0,6.41,0.4,7.3,,9.4,8.0,7.8,6.6,,8.3,0.46,7.9,10.4,0.77,,,51.1,51.5,51.7,56.3,56.1,67129.0414026128,6.1,510484.577519223,15.3,1636341.10524859,8.9,1.7,1.7,-0.1,0.0,2.0,2.0,0.1,0.1,13.2,9152.0,114.3109,4.3,,92.8521,6.601
2017-09-30,1333.69373,1335.21826,1335.14197,1348.33923,1347.75183,15415584.0,17688298.0,14.0581,0.010541,,,,,,,,,,6.01,0.47,7.2,,9.0,7.9,7.7,6.4,,7.8,0.43,7.9,10.1,0.82,,,51.0,52.7,52.4,58.8,62.4,67550.9894731954,6.5,518113.929798677,14.0,1652947.30031106,8.6,1.9,1.7,0.3,0.2,2.5,2.2,0.4,0.2,13.2,11466.0,115.4575,4.3,,93.0718,6.6369
2017-10-31,1333.74121,1334.20679,1327.11731,1339.13062,1334.09973,15633878.0,19942040.0,0.35852,0.000269,1.6,,,,,,,,,6.6,0.55,7.3,,8.8,7.8,7.9,6.7,76.8,7.5,0.4,8.1,10.3,0.83,,,,50.6,51.6,60.8,58.8,69748.5402360219,7.2,517863.037329406,14.0,1663666.05438742,9.0,2.2,1.7,0.5,0.2,2.6,2.1,0.4,0.1,13.1,11885.0,116.646,4.3,,94.4977,6.6397
2017-11-30,1408.99097,1408.12231,1407.58484,1418.37097,1410.96692,20560698.0,20060052.0,1.97595,0.001402,,,,,,48.4,157.9,36.1,242.4,6.21,0.51,7.2,,8.4,9.0,7.7,6.7,,7.3,0.44,7.8,10.0,0.81,,,51.0,51.2,51.8,58.7,59.1,68230.688046705,6.3,525977.19041968,13.0,1662449.96019881,8.9,2.0,1.8,-0.1,0.3,2.7,2.4,0.4,0.4,13.0,6635.0,117.3095,4.3,,93.2745,6.6034
2017-12-31,1405.90881,1404.74866,1400.86206,1413.61438,1407.0459,16208088.0,17136086.0,1.13709,0.000809,,,,,,,,,,6.08,0.45,7.2,,8.1,9.0,7.3,6.3,,7.2,0.43,7.5,10.2,0.79,,,50.8,51.9,51.6,58.2,62.8,68623.1573003908,5.7,535565.049541226,12.7,1679156.63613009,9.1,2.2,1.7,0.0,-0.1,2.9,2.3,0.4,0.2,13.3,11428.0,118.4523,4.3,,92.2571,6.5342
2018-01-31,1405.80786,1407.25232,1395.87903,1407.25232,1402.74146,13390476.0,19550312.0,-3.0664,-0.002181,1.6,6.9,,106.94720079,106.3018631,,,,,6.22,0.52,7.2,6.6,8.5,8.5,6.9,5.7,78.0,7.2,0.44,7.0,9.4,0.6,,,51.5,53.9,51.3,59.3,55.5,70645.5992424259,3.4,543790.145191184,11.8,1690235.31468079,8.1,2.1,1.8,-0.1,0.0,2.7,2.3,0.1,0.0,12.7,5769.0,119.0293,4.3,,89.1841,6.3339
2018-02-28,1437.59497,1435.55786,1427.6355,1435.55786,1432.38879,11720086.0,19584430.0,-5.20618,-0.003621,,,6.3,,,48.7,156.5,36.0,241.2,,,,,,,,,,,0.45,,,,4.87,-0.1,51.5,54.7,50.3,59.1,59.5,74636.29,-13.8,543247.13,15.0,1720814.46,8.6,2.1,1.8,0.5,0.4,2.6,2.2,0.3,0.4,13.2,26850.0,121.701,4.3,,90.3773,6.3294
2018-03-31,1309.70862,1309.45178,1309.45178,1328.99524,1328.01233,23806816.0,21873614.0,18.30371,0.013975,,,,,,,,,,,0.57,7.0,,9.7,8.6,7.4,6.0,,7.9,0.46,9.9,,0.63,4.84,-0.2,51.6,54.2,51.5,60.8,58.3,81424.24,13.5,517035.99,8.5,1729070.12,8.8,2.2,1.8,0.5,0.4,2.9,2.5,0.3,0.2,12.8,10199.0,122.721,4.3,,89.9767,6.2881
2018-04-30,1357.88879,1357.38184,1348.70569,1361.71313,1355.29834,17515570.0,20553610.0,-2.59045,-0.001908,1.8,,,,,,,,,6.02,0.37,7.0,,9.4,8.7,7.1,5.8,76.5,7.5,0.44,10.4,10.1,0.85,4.88,-0.1,51.0,52.3,51.4,59.3,56.6,72692.63,6.0,523540.07,7.1,1739859.48,8.2,2.4,2.1,0.2,0.3,2.9,2.7,0.2,0.4,12.8,11425.0,123.8634,4.31,,91.5171,6.3393
2018-05-31,1374.59827,1375.91321,1375.91321,1388.46277,1385.52197,18146520.0,22471734.0,10.9237,0.007947,,,,,,49.6,156.9,35.3,241.8,7.02,0.65,7.1,,10.8,5.5,7.3,6.1,,7.0,0.45,10.3,9.4,0.75,4.7,-0.2,51.1,52.9,51.9,57.3,55.1,71476.46,4.5,525447.77,7.2,1737683.73,8.3,2.5,2.1,0.4,0.2,2.6,2.3,0.2,0.1,12.7,10987.0,124.9622,4.31,,94.0772,6.4144
2018-06-30,1371.58276,1371.58276,1371.58276,1386.55408,1385.86572,15956034.0,20856034.0,14.28296,0.010413,,,,,,,,,,6.82,0.52,7.0,,10.6,7.3,7.4,6.3,,6.1,0.41,10.2,8.5,0.15,4.7,-0.1,51.1,52.9,51.5,58.7,54.0,69774.81,3.6,526276.72,6.0,1743063.79,8.3,2.8,2.2,0.4,0.2,3.0,2.3,0.3,0.3,12.6,11396.0,126.1018,4.31,,94.5053,6.6166
2018-07-31,1402.62341,1404.22302,1404.22302,1411.04163,1408.34058,14733308.0,20322646.0,5.71717,0.004076,1.7,,,,,,,,,6.03,0.4,6.9,,11.7,8.3,7.4,6.6,76.8,6.0,0.44,9.7,9.0,0.71,4.7,-0.2,51.0,53.9,51.2,60.2,55.6,69589.33,3.9,543944.71,6.6,1770178.37,8.0,2.9,2.3,0.2,0.1,3.3,2.7,0.3,0.4,12.7,16787.0,127.7805,4.31,,94.3623,6.8165
2018-08-31,1432.22852,1431.35901,1424.974,1433.62646,1426.02393,20042910.0,18029350.0,-6.20459,-0.004332,,,,,,50.5,154.9,35.0,240.4,6.02,0.46,6.8,,11.5,9.5,7.4,6.5,,5.5,0.44,10.2,8.8,0.88,5.0,0.1,50.8,52.8,51.3,58.1,49.8,69530.59,3.6,536624.29,5.1,1776196.11,8.5,2.9,2.4,0.0,0.1,3.3,2.8,0.1,0.2,13.2,12861.0,129.0666,4.31,,94.6928,6.8246
2018-09-30,1432.80688,1432.80688,1419.59961,1434.0343,1433.15527,15957898.0,17109410.0,0.34839,0.000243,,,,,,,,,,6.12,0.5,6.8,,11.6,9.8,7.5,6.6,,5.3,0.45,10.1,9.0,0.62,4.9,0.0,50.0,51.5,50.8,61.3,41.9,69775.39,3.3,538324.64,3.9,1788670.43,8.2,2.7,2.2,0.1,0.1,3.0,2.6,0.1,0.0,13.2,13140.0,130.3806,4.31,,95.1814,6.8792
2018-10-31,1442.28564,1442.28564,1430.07324,1442.28564,1433.01746,16942026.0,18493804.0,-9.26818,-0.006426,1.4,,,,,,,,,5.82,0.45,6.7,,10.8,9.4,7.0,6.1,76.5,5.4,0.45,9.9,9.2,0.65,4.7,-0.1,,53.1,50.2,59.8,41.4,71254.26,2.2,538574.08,4.0,1801665.58,8.3,2.3,2.2,0.1,0.2,2.8,2.6,0.2,0.1,13.2,14341.0,131.8147,4.31,,97.0028,6.9646
2018-11-30,1311.36707,1311.36707,1311.26575,1319.37903,1317.22998,18289798.0,17782496.0,5.86291,0.004471,,,,,,51.6,152.8,36.4,240.8,5.9,0.47,6.6,,10.9,9.5,6.7,5.9,,5.7,0.44,9.7,8.6,0.75,4.7,-0.1,50.1,50.8,50.0,57.7,47.6,70106.62,2.8,540128.37,2.7,1795561.6,8.0,2.5,2.1,0.2,0.2,3.2,2.8,0.7,0.7,13.1,7141.0,132.5288,4.31,,96.7662,6.9357
2018-12-31,1323.04639,1323.04639,1319.74829,1325.51196,1325.00854,16487554.0,15408216.0,1.96215,0.001483,,,,,,,,,,5.42,0.33,6.6,,10.3,8.6,6.6,5.8,,5.9,0.43,9.7,8.1,0.6,4.65,-0.2,50.2,53.8,49.4,59.3,44.9,70563.3,2.8,543498.66,1.5,1813175.07,8.0,2.2,2.2,-0.3,0.0,2.7,2.8,-0.1,0.2,13.1,12302.0,133.7591,4.31,,96.3737,6.8632
2019-01-31,1401.8551,1401.8551,1401.8551,1416.60217,1415.33667,16918566.0,17006940.0,13.48157,0.009617,1.4,6.7,,106.74977383,106.25170056,,,,,5.66,0.49,6.5,6.2,8.6,7.4,6.1,5.2,76.0,5.9,0.43,9.5,8.2,0.74,4.7,-0.2,49.7,53.9,49.5,54.3,47.8,73208.4,3.6,551685.91,1.5,1826744.22,8.1,1.9,2.2,-0.3,0.0,2.6,2.9,0.0,0.1,13.5,9281.0,134.6872,4.31,,95.4317,6.7025
2019-02-28,1430.86511,1430.86511,1430.86511,1438.48645,1437.06238,16582132.0,19762832.0,6.19727,0.004331,,,,,,52.1,150.5,36.3,238.9,,,,,,,,,,,,,,,,,48.3,53.6,49.2,56.6,54.0,87470.62,17.2,545638.46,0.4,1865935.33,8.4,1.6,2.2,0.2,0.4,1.9,2.5,-0.3,0.0,13.4,35668.0,138.2553,4.31,,96.1565,6.6901
2019-03-31,1403.85913,1403.68701,1403.2345,1420.48694,1414.94592,22649242.0,21413902.0,11.08679,0.007897,,,6.3,,,,,,,,0.45,5.6,,,6.2,6.4,6.0,,6.1,0.43,11.6,,0.83,4.8,-0.07,49.9,51.1,50.5,54.2,60.8,79484.72,-2.4,527190.48,2.0,1867427.45,8.0,1.5,2.1,0.4,0.4,1.8,2.5,0.2,0.2,13.4,7641.0,139.0194,4.31,,97.2311,6.7335
2019-04-30,1446.51746,1446.51746,1445.26721,1455.23523,1454.89807,17374668.0,19216096.0,8.38061,0.005794,1.6,,,,,,,,,8.49,0.83,7.2,,,0.3,6.9,6.5,75.9,6.3,0.44,11.8,8.7,0.79,5.1,0.22,50.2,54.4,50.1,55.3,62.8,74941.58,3.1,547575.54,4.6,1889412.14,8.6,1.9,2.0,0.6,0.3,2.0,2.3,0.3,0.1,13.7,19584.0,140.9778,4.31,,97.8549,6.7286
2019-05-31,1467.87463,1467.87463,1454.2655,1470.59534,1454.2655,19492346.0,21772872.0,-13.60913,-0.009271,,,,,,53.2,154.7,37.0,244.9,5.43,0.25,6.7,,,4.9,6.4,5.5,,6.1,0.42,11.9,7.2,0.81,5.0,0.3,,54.5,49.4,52.8,56.1,73965.76,3.5,540614.6,2.9,1884670.33,8.5,2.0,2.1,0.5,0.2,2.3,2.6,0.5,0.4,13.5,8733.0,141.8511,4.31,,98.1768,6.8992
2019-06-30,1483.646,1483.646,1483.62378,1494.62939,1485.45996,27320560.0,23282450.0,1.81396,0.001223,,,,,,,,,,5.03,0.5,6.4,,,4.1,6.3,5.3,,5.6,0.42,11.2,8.6,0.48,5.0,0.3,50.2,52.7,49.4,52.1,,72798.46,4.3,544355.64,3.4,1891153.7,8.5,1.8,2.0,0.2,0.1,2.1,2.5,0.1,0.2,13.4,11855.0,143.0367,4.31,,96.1618,6.8747
2019-07-31,1494.31604,1494.31604,1493.4624,1500.11938,1493.65576,22948960.0,24933414.0,-0.66028,-0.000442,1.4,,,,,,,,,6.31,0.67,6.4,,,3.5,6.3,5.6,76.4,5.8,0.45,10.9,9.8,0.57,5.0,0.3,49.4,52.0,49.7,51.7,49.8,72580.96,4.3,567696.18,4.4,1921360.19,8.5,1.6,2.1,0.0,0.2,1.6,2.1,-0.1,0.0,13.0,16737.0,144.7104,4.31,,98.0657,6.8841
2019-08-31,1444.86755,1444.86755,1444.81592,1461.50708,1461.1178,27393378.0,24770262.0,16.25025,0.011247,,,,,,54.3,153.5,37.8,245.6,4.82,0.36,6.1,,,2.3,5.9,4.9,,5.7,0.43,10.6,7.6,0.59,5.2,0.2,49.9,51.6,49.5,51.2,47.2,72689.25,4.5,553043.11,3.1,1919410.82,8.1,1.8,2.2,0.2,0.1,1.8,2.2,0.3,0.3,12.6,8086.0,145.519,4.25,4.85,98.7732,7.0879
2019-09-30,1465.40833,1465.40833,1467.70618,1478.2854,1470.2749,17901240.0,17029466.0,4.86657,0.003321,,,,,,,,,,4.38,0.45,5.9,,,2.2,5.8,5.0,,5.5,0.4,10.5,7.5,0.56,5.2,0.3,51.4,52.1,49.8,48.8,,73152.62,4.8,556798.09,3.4,1935492.43,8.2,1.7,2.4,0.0,0.2,1.8,2.3,0.1,0.2,12.4,13045.0,146.8235,4.2,4.85,99.1277,7.0729
2019-10-31,1466.37366,1466.37366,1461.55261,1467.89966,1462.81873,22587378.0,26530810.0,-3.55493,-0.002424,1.4,,,,,,,,,5.8,0.8,5.9,,,1.0,6.0,5.4,76.4,5.4,0.42,10.5,7.8,0.89,5.2,0.5,,51.3,49.3,48.2,51.2,74129.75,4.0,557137.95,3.4,1952250.49,8.4,1.7,2.4,0.1,0.1,1.4,2.0,-0.3,-0.3,12.5,17612.0,148.5847,4.2,4.85,97.4622,7.0533
2019-11-30,1473.81567,1473.81567,1469.38013,1474.98511,1473.24805,24234022.0,23335484.0,-0.56762,-0.000385,,,,,,55.3,152.6,38.6,246.5,4.7,0.39,5.8,,,0.4,5.8,4.9,,5.2,0.4,10.3,7.2,0.8,5.1,0.4,51.7,51.1,50.2,48.5,51.5,73395.4,4.7,558143.92,3.3,1945600.55,8.4,1.8,2.3,0.2,0.2,1.1,1.5,0.4,0.3,12.4,5470.0,149.1317,4.15,4.8,98.2877,7.0298
2019-12-31,1532.04822,1532.96448,1529.6012,1533.30518,1531.48035,25814964.0,25791444.0,-0.56787,-0.000371,,,,,,,,,,6.2,0.84,5.9,,,0.3,6.0,5.3,,5.2,0.38,10.2,8.0,0.82,5.1,0.45,51.8,53.5,50.2,48.1,49.8,73973.82,4.8,562486.52,3.5,1961429.56,8.2,2.1,2.3,-0.1,0.0,1.0,1.2,-0.2,-0.2,12.4,13633.0,150.495,4.15,4.8,96.7817,6.9762
2020-01-31,1506.8562,1505.63831,1483.56213,1505.63831,1486.55957,9166994.0,11541488.0,-20.29663,-0.01347,1.3,6.0,,105.95050075,105.57531686,,,,,6.9,0.62,6.0,5.7,,,,,77.5,5.4,0.38,9.9,8.0,0.7,5.2,0.5,51.5,52.5,50.0,47.8,56.2,77189.47,5.4,576009.15,4.4,1986488.82,8.7,2.3,2.3,-0.1,-0.1,1.4,1.3,0.3,0.2,12.3,10770.0,151.572,4.15,4.8,97.865,6.8876
2020-02-29,1411.13306,1406.69238,1371.24744,1406.69238,1373.22424,16321734.0,13657163.0,-37.90882,-0.026864,,,5.6,,,56.1,151.9,38.6,246.6,,,,,,2.0,5.8,5.4,,,,,,,,,51.1,51.8,35.7,50.9,37.3,93249.16,6.6,545531.79,0.0,2023066.49,8.4,2.5,2.3,0.4,0.4,2.0,1.6,0.3,0.3,12.1,34924.0,155.06,4.05,4.75,98.1238,7.0066
2020-03-31,1263.6543,1266.23181,1266.23181,1287.36243,1278.24573,13489991.0,13799001.0,14.59143,0.011547,,,,,,,,,,,-2.32,-15.7,,12.2,8.7,6.3,5.3,,-24.5,-5.85,-16.3,,-10.77,5.2,0.4,40.3,26.5,52.0,50.3,41.3,88187.05,10.9,552700.73,4.8,2030830.42,8.8,2.3,2.4,0.3,0.5,1.2,1.1,-0.6,-0.3,12.1,7202.0,155.78,4.05,4.75,99.0666,7.0851
2020-04-30,1301.65723,1315.37976,1309.42188,1320.396,1319.26563,10134061.0,12403546.0,17.6084,0.013528,-10.4,,,,,,,,,-1.1,36.56,-10.2,,7.3,14.9,6.2,5.4,67.3,-16.1,1.92,-7.7,-15.8,0.87,5.7,0.6,49.4,43.0,50.8,49.7,,83022.21,10.8,575050.29,5.0,2080923.41,10.1,1.5,2.1,-0.2,0.0,0.3,1.1,-0.5,0.1,12.7,30390.0,158.82,3.85,4.65,99.5084,7.0571
2020-05-31,1386.10193,1387.08862,1387.08862,1399.7052,1399.53992,15786989.0,14336627.0,13.43799,0.009695,,,,,,58.0,162.1,40.8,260.9,3.9,1.89,-5.4,,9.9,10.6,6.3,6.2,,-10.3,1.81,-3.3,-7.5,0.44,5.8,0.8,,44.4,50.6,41.7,45.2,81485.21,10.2,570150.48,5.5,2093533.83,11.1,0.3,1.4,-0.7,-0.5,-1.4,0.3,-1.2,-0.3,13.1,16239.0,160.45,3.85,4.65,98.2606,7.1316
2020-06-30,1406.08276,1411.50342,1411.50342,1423.67114,1418.86914,10577960.0,14064621.0,12.78638,0.009094,,,,,,,,,,4.4,1.25,-2.8,,13.0,9.0,6.4,6.6,,-6.3,1.17,-0.3,-2.8,4.98,5.9,0.9,50.7,55.0,50.9,43.1,49.1,79706.83,9.5,581111.06,6.8,2100183.74,11.1,0.1,1.2,0.0,-0.1,-0.9,0.2,0.5,0.0,13.2,15502.0,162.0,3.85,4.65,97.4613,7.0795
2020-07-31,1478.26306,1475.69995,1470.44763,1480.33728,1478.54358,19148804.0,14777276.0,0.28052,0.00019,11.4,,,,,,,,,4.8,1.29,-1.4,,12.7,8.3,6.5,6.4,74.4,-3.1,0.51,1.9,-1.8,1.02,5.8,0.8,51.2,58.4,51.1,52.2,51.4,79459.41,9.5,604317.97,6.5,2134948.66,11.1,0.6,1.2,0.5,0.2,-0.6,0.3,0.3,0.2,13.2,19029.0,163.9,3.85,4.65,92.9908,6.9848
2020-08-31,1508.90698,1509.56189,1509.56189,1528.18774,1523.52771,15479274.0,14026703.0,14.62073,0.00969,,,,,,60.0,165.3,42.7,268.0,4.8,0.96,0.1,,14.0,7.4,6.6,6.5,,-1.6,0.28,3.4,-1.1,0.24,5.8,0.6,52.8,54.1,51.0,53.7,54.9,79867.21,9.9,591192.64,6.9,2125458.46,10.7,1.0,1.6,0.5,0.5,-0.3,0.6,0.6,0.5,13.0,10221.0,164.92,3.85,4.65,92.2742,6.8605
2020-09-30,1435.53638,1434.8678,1422.2915,1434.8678,1427.0105,14569768.0,12809358.0,-8.52588,-0.005939,,,,,,,,,,5.6,1.01,0.9,,14.5,7.9,6.7,6.6,,-0.3,0.2,4.6,0.5,0.63,5.7,0.5,53.0,54.0,51.5,55.6,55.2,80042.71,9.4,601289.1,8.0,2136836.91,10.4,1.3,1.7,0.3,0.4,-0.2,0.6,0.2,0.2,13.0,14201.0,166.34,3.85,4.65,93.8851,6.8101
2020-10-31,1443.81677,1426.05627,1419.08752,1445.83105,1423.74805,25987880.0,15802360.0,-20.06872,-0.0139,3.4,,,,,,,,,6.9,1.03,1.7,,14.3,8.2,6.7,6.6,76.7,0.8,0.11,5.6,3.3,3.73,5.5,0.3,,54.8,51.4,55.7,55.4,82370.87,11.1,602312.12,8.1,2164084.8,10.9,1.4,1.7,0.1,0.1,0.3,1.0,0.3,0.2,13.0,19171.0,168.26,3.85,4.65,94.0281,6.7232
2020-11-30,1550.15161,1552.90161,1531.97314,1559.62573,1541.45093,21418536.0,16483195.0,-8.70068,-0.005613,,,,,,61.8,164.8,45.1,271.7,6.9,0.62,2.4,,15.9,6.9,6.9,6.8,,1.8,0.19,6.3,4.3,0.14,5.3,0.2,53.6,56.8,52.1,58.8,55.8,81036.43,10.4,609182.41,9.1,2149720.42,10.5,1.2,1.6,0.0,0.1,0.5,1.3,0.6,0.5,12.9,6663.0,168.92,3.85,4.65,91.7885,6.5782
2020-12-31,1638.33508,1638.58093,1632.7511,1647.51062,1644.96973,19280534.0,14209101.0,6.63465,0.00405,,,,,,,,,,7.0,0.56,2.9,,16.5,7.3,6.9,6.8,,2.6,0.15,6.8,5.0,1.23,5.2,0.1,54.9,57.8,51.9,57.7,55.5,81593.61,10.3,618632.17,10.0,2172002.55,10.7,1.2,1.6,-0.1,0.1,0.8,1.4,0.1,0.0,12.8,15309.0,170.45,3.85,4.65,89.6,6.5249
2021-01-31,1649.84351,1647.9397,1644.83215,1657.35168,1652.49561,18354684.0,14678467.0,2.6521,0.001607,2.7,2.2,,102.23863836,101.99555804,,,,,7.3,0.62,3.4,2.8,15.1,7.5,6.7,6.1,78.0,2.9,0.24,7.0,4.6,0.85,5.1,-0.1,53.0,56.3,51.3,60.5,52.6,84314.53,9.2,625580.99,8.6,2186795.89,10.1,1.4,1.6,0.1,-0.1,0.8,1.4,0.4,0.1,12.8,11458.0,171.6,3.85,4.65,90.53,6.4709
2021-02-28,1866.06775,1866.72559,1821.95239,1866.72559,1829.09497,24697952.0,15088834.0,-36.97278,-0.019813,,,2.0,,,62.3,162.7,45.9,270.9,,,,,,,,,,,,,,,,,51.5,52.0,50.6,58.7,60.3,89625.24,-3.9,625563.81,14.7,2213047.33,9.4,1.4,1.4,0.4,0.2,1.6,1.9,1.0,0.9,12.7,38182.0,175.41,3.85,4.65,90.9399,6.4713
2021-03-31,1755.45813,1748.12244,1732.17786,1750.60693,1743.57385,17719762.0,14676437.0,-11.88428,-0.00677,,,,,,,,,,,0.63,39.5,,16.4,8.6,9.6,9.4,,35.0,0.2,38.3,,-0.52,5.4,0.2,50.9,51.5,51.9,60.9,59.4,91924.6,4.2,593487.46,7.4,2236030.26,10.1,1.7,1.3,0.5,0.3,2.9,2.6,0.7,0.3,12.9,13413.0,176.76,3.85,4.65,93.281,6.5713
2021-04-30,1876.81787,1887.88306,1850.13892,1887.88306,1861.44897,16268206.0,13987180.0,-15.3689,-0.008189,0.5,,,,,,,,,14.1,0.6,27.3,,17.1,8.5,9.5,9.0,77.2,25.6,1.05,25.6,34.2,0.93,5.3,-0.4,51.9,54.3,51.1,63.7,57.5,86543.64,4.2,616113.17,7.1,2276488.45,9.4,2.6,1.6,0.7,0.4,4.1,3.0,0.7,0.5,12.6,27511.0,179.51,3.85,4.65,90.635,6.4672
2021-05-31,1865.33154,1868.18237,1868.18237,1890.05212,1878.73926,17902932.0,13963613.0,13.40772,0.007188,,,,,,62.2,161.5,44.7,268.3,9.8,0.52,22.2,,16.0,8.2,9.4,8.6,,19.9,3.16,21.6,17.7,0.02,5.2,-0.6,,56.3,51.0,60.6,57.1,85803.37,5.3,605421.89,6.2,2262107.12,8.1,4.2,3.0,0.8,0.8,6.4,4.5,1.1,1.1,12.3,12840.0,180.79,3.85,4.65,90.0591,6.3682
2021-06-30,1893.3656,1897.95862,1895.71448,1909.78833,1906.3241,14391666.0,15146912.0,12.9585,0.006844,,,,,,,,,,8.8,0.45,19.3,,14.1,10.2,9.3,8.2,,15.4,0.24,18.3,12.4,0.89,5.2,-0.7,52.0,55.1,50.9,61.2,54.9,84177.72,5.6,616828.32,6.1,2275538.07,8.3,5.0,3.8,0.8,0.7,6.9,5.3,1.0,0.8,12.2,14294.0,182.22,3.85,4.65,92.0709,6.4601
2021-07-31,1984.70007,1985.54382,1955.92114,1987.01978,1971.42725,16898724.0,15813627.0,-13.27282,-0.006688,1.4,,,,,62.1,158.8,45.0,265.8,8.3,0.48,17.1,,13.1,11.3,9.3,8.5,78.4,12.6,0.24,15.0,12.1,0.28,5.2,-0.6,51.3,50.3,50.4,60.6,54.6,84346.97,6.2,637479.36,5.5,2317788.36,8.6,5.4,4.5,0.9,0.8,7.4,5.8,0.7,0.6,12.3,23182.0,184.54,3.85,4.65,92.0653,6.4602
2021-08-31,1944.37732,1946.03918,1933.74902,1948.03943,1936.35351,13935771.0,15103937.0,-8.02381,-0.004127,,,,,,,,,,6.4,0.21,15.4,,13.3,13.0,9.0,8.2,,10.3,0.32,12.7,8.5,-0.12,5.2,-0.6,50.3,54.9,50.1,59.5,,84717.56,6.1,620367.05,4.9,2302153.82,8.3,5.4,4.3,0.5,0.3,7.9,6.4,1.0,1.0,12.3,8391.0,185.38,3.85,4.65,92.6903,6.4679
2021-09-30,1992.65527,1996.93445,1996.93445,2022.60181,2022.30579,17365516.0,13753758.0,29.65052,0.01488,,,,,,,,,,5.3,0.3,14.0,,12.1,14.2,9.2,8.4,,8.9,1.16,10.9,2.5,0.52,5.3,-0.4,50.0,46.7,49.6,59.9,50.0,85059.2,6.3,626658.69,4.2,2312267.68,8.2,5.3,4.0,0.2,0.1,8.6,7.0,0.8,0.7,12.1,12713.0,186.65,3.85,4.65,94.3577,6.4854
2021-10-31,2006.87085,2008.71118,1970.54065,2015.2749,1982.70215,23129296.0,15359424.0,-24.1687,-0.012043,0.6,,,,,,,,,3.1,0.05,12.5,,11.5,13.7,9.1,8.2,77.1,7.3,0.86,8.8,4.4,0.21,5.0,-0.5,,53.4,49.2,61.1,54.5,86867.09,5.5,624645.68,3.7,2342829.7,8.3,5.4,4.0,0.3,0.1,8.8,7.0,0.5,0.2,11.9,17755.0,188.42,3.85,4.65,94.1152,6.3907
2021-11-30,1921.69531,1922.96265,1874.9032,1922.96265,1885.93555,18410458.0,16327691.0,-35.75976,-0.018608,,,,,,62.1,157.3,45.9,265.1,3.5,0.41,11.3,,,16.3,9.6,8.8,,6.1,1.03,7.2,4.9,0.64,5.1,-0.2,50.6,53.8,50.1,60.8,49.2,86085.78,6.2,626082.12,2.8,2336160.48,8.7,6.2,4.6,0.8,0.6,8.9,7.0,0.7,0.5,11.9,7752.0,189.2,3.85,4.65,96.172,6.3794
2021-12-31,1978.65381,1976.82336,1970.06763,1991.29797,1989.474,12250513.0,15107800.0,10.82019,0.005468,,,,,,,,,,3.8,0.38,10.4,,11.6,17.9,9.8,9.1,,5.2,1.74,6.0,3.9,-0.01,5.1,-0.1,49.9,52.1,50.3,60.6,53.1,87433.41,7.2,637482.04,3.0,2356012.76,8.5,6.8,4.9,0.5,0.4,10.0,8.1,1.1,1.0,11.7,13021.0,190.5,3.8,4.65,95.9701,6.3757
2022-01-31,2108.34473,2114.01099,2114.01099,2136.81152,2136.70117,11431557.0,14242322.0,28.35644,0.01345,1.8,8.4,,108.44846942,,,,,,4.3,0.4,9.8,9.6,13.3,17.1,9.9,9.6,77.4,4.9,-1.17,4.4,1.7,-0.22,5.1,0.0,49.1,53.1,50.1,58.8,,90825.15,7.7,647443.35,3.5,2382899.56,9.0,7.0,5.5,0.3,0.4,10.2,8.7,0.6,0.7,11.6,10350.0,191.54,3.7,4.6,97.2135,6.3746
2022-02-28,2187.72217,2174.10718,2174.10718,2215.76294,2214.77393,17180672.0,16292900.0,27.05176,0.012365,,,8.4,,108.35171995,61.9,154.1,46.8,262.8,,,,,,,,,,,,,,,,,,51.4,,57.6,53.8,106188.87,18.5,613859.35,-1.9,2431022.72,9.8,7.5,6.0,0.8,0.7,10.2,8.7,1.0,0.9,11.5,41988.0,195.71,3.7,4.6,96.5433,6.3222
2022-03-31,2462.33265,2470.54001,2422.35893,2476.04555,2447.04714,13887795.0,15020686.0,-15.28551,-0.006208,,,,,,,,,,,0.22,7.3,,14.8,16.8,10.4,10.2,,12.2,0.84,3.7,,0.06,5.4,0.0,50.4,50.2,49.5,58.4,51.3,97227.7,5.8,621612.11,4.7,2441488.9,9.2,7.9,6.4,0.9,0.7,10.5,8.9,0.9,0.6,11.4,9084.0,196.62,3.7,4.6,97.8302,6.3482
2022-04-30,2445.42421,2444.32708,2445.1254,2493.03429,2487.75243,13048619.0,14164359.0,42.32822,0.017309,0.4,,,,,,,,,5.0,0.51,6.2,,14.4,18.1,10.6,10.5,75.8,9.3,1.89,0.7,-3.5,-0.11,6.0,0.7,46.0,42.0,47.4,57.0,,95141.92,10.0,645063.8,4.7,2497688.34,9.7,8.5,6.5,1.3,0.4,11.6,9.7,1.6,1.2,11.4,32291.0,199.85,3.7,4.6,103.2106,6.6177
2022-05-31,2481.5329,2482.19653,2493.2825,2518.75977,2512.62069,11471639.0,16252871.0,31.08779,0.012528,,,,,,61.8,158.4,47.3,267.5,-2.9,0.16,3.2,,12.4,20.0,10.4,10.4,,6.8,-1.37,-2.7,-11.1,-0.02,6.7,1.5,,36.2,49.6,55.9,37.3,95626.49,11.5,636139.01,5.1,2499710.9,10.5,8.3,6.2,0.6,0.5,11.0,9.0,0.6,0.5,10.9,3616.0,200.21,3.7,4.45,101.3737,6.6607
2022-06-30,2316.52896,2323.36761,2302.55793,2332.60708,2304.73491,13603412.0,16096771.0,-11.79405,-0.005091,,,,,,,,,,0.7,0.62,2.6,,11.8,19.7,10.4,10.5,,6.2,0.72,-4.0,-6.7,-0.05,6.9,1.7,48.1,41.4,50.2,56.1,42.9,95546.86,13.5,645107.52,4.6,2527026.15,11.1,8.6,6.0,1.1,0.6,11.0,8.7,0.9,0.5,11.0,18230.0,202.03,3.7,4.45,105.1052,6.7114
2022-07-31,2189.89653,2185.12552,2175.10113,2198.96407,2194.92173,15898047.0,17725487.0,5.0252,0.002295,-2.1,,,,,62.1,160.7,49.7,272.5,3.9,0.91,2.8,,13.6,18.9,10.2,10.5,75.1,6.1,0.75,-5.4,3.1,2.56,5.8,0.6,51.7,54.5,49.0,53.1,44.3,96011.17,13.9,674374.81,5.8,2581451.2,11.4,9.1,5.9,1.4,0.7,11.1,8.3,0.9,0.3,11.2,30540.0,205.09,3.7,4.45,105.828,6.7437
2022-08-31,2201.52483,2193.61029,2187.25557,2202.8517,2198.28759,13090298.0,17375477.0,-3.23724,-0.00147,,,,,,,,,,3.8,0.35,2.7,,14.2,16.8,10.0,10.5,,5.7,0.59,-6.4,2.7,1.82,5.6,0.4,50.4,55.5,49.4,52.7,46.1,96509.19,13.9,661832.33,6.7,2578078.57,12.0,8.5,5.9,0.0,0.3,9.7,7.6,-0.3,0.4,11.0,4088.0,205.5,3.65,4.3,108.8174,6.8906
2022-09-30,2266.89353,2272.37929,2264.37296,2277.85278,2274.47132,13957462.0,16198449.0,7.57779,0.003343,,,,,,,,,,4.2,0.24,2.7,,14.0,14.1,9.6,10.0,,5.8,-0.5,-7.4,5.4,-0.75,5.4,0.1,48.1,55.0,50.1,52.9,45.0,97231.03,14.3,664604.85,6.1,2595068.27,12.2,8.3,6.3,0.0,0.5,8.7,7.2,-0.1,0.4,10.9,13344.0,206.83,3.65,4.3,111.956,7.0998
2022-10-31,2170.7747,2171.26161,2131.23984,2160.96706,2135.78348,18632414.0,19357626.0,-34.99122,-0.016119,4.0,,,,,62.3,161.4,49.9,273.6,6.3,0.8,3.2,,14.0,13.8,9.5,9.9,75.6,5.9,0.35,-8.0,2.5,0.28,5.8,0.8,,49.3,49.2,51.0,42.5,98672.06,13.6,664535.17,6.4,2626600.92,12.1,8.2,6.6,0.2,0.4,8.5,7.2,0.3,0.2,11.2,25686.0,209.4,3.65,4.3,110.6807,7.1768
2022-11-30,2282.81527,2284.46898,2262.60276,2285.50148,2276.54586,14912358.0,20101766.0,-6.26941,-0.002746,,,,,,,,,,5.0,0.18,3.4,,13.6,12.6,9.0,9.4,,5.8,-0.09,-8.8,-0.5,-0.58,6.0,0.9,49.2,48.4,48.0,50.0,,98416.71,14.4,662140.99,5.8,2612914.57,11.8,7.7,6.3,0.4,0.3,8.2,6.9,0.4,0.2,11.1,4431.0,209.84,3.65,4.3,106.8126,7.1769
2022-12-31,2356.41249,2358.0166,2357.33857,2385.265,2380.65809,13993534.0,18167843.0,24.2456,0.010289,,,,,,,,,,2.2,-0.24,3.3,,12.2,11.4,8.6,9.0,,5.3,-1.98,-9.8,-5.9,-0.27,6.7,1.6,49.4,46.7,47.0,49.0,45.2,99740.12,14.1,667042.61,4.6,2647008.48,12.4,7.1,6.0,-0.1,0.1,7.4,6.2,0.4,0.4,11.0,11448.0,210.99,3.65,4.3,103.4942,6.9646
2023-01-31,2425.61,2428.71,2404.36,2430.33,2404.63,11846860.0,17961452.0,-20.98,-0.008649,0.8,3.0,3.0,103.0,103.0,,,,,1.3,0.37,3.0,3.6,12.3,9.9,8.2,8.6,75.7,5.1,0.1,-10.0,-1.8,-0.15,6.1,1.0,49.0,48.0,50.1,48.4,49.7,104706.03,15.3,671674.76,3.7,2664320.84,11.8,6.5,5.7,-0.3,0.2,6.4,5.7,-0.3,0.1,11.1,14401.0,212.43,3.65,4.3,101.9827,6.7604
2023-02-28,2382.25,2383.95,2376.66,2388.02,2384.69,12570339.0,19159075.0,2.44,0.001024,,,,,,62.2,161.5,50.6,274.3,,,,,,,,,,,,,,,,,49.2,52.9,,47.4,,114601.3,7.9,655214.16,6.7,2738072.06,12.6,6.4,5.6,0.8,0.6,5.8,5.0,0.4,0.3,11.3,49314.0,218.19,3.65,4.3,104.6522,6.9519
2023-03-31,2340.76,2345.57,2341.95,2356.14,2346.96,15860609.0,20782855.0,6.2,0.002649,,,,,,,,,,,0.64,2.1,,10.9,10.7,8.2,8.7,,5.5,0.9,-5.7,,0.72,5.8,0.4,51.6,55.0,51.9,47.7,58.9,107602.58,10.6,657938.74,5.8,2755249.23,12.9,6.0,5.5,0.6,0.7,4.8,4.7,0.0,0.2,11.6,18184.0,220.01,3.65,4.3,102.1722,6.8717
2023-04-30,2243.18,2242.35,2245.52,2257.26,2250.58,17022940.0,19700140.0,7.4,0.003299,1.8,,,,,,,,,3.9,0.64,2.9,,11.0,9.1,7.7,8.3,74.3,5.1,-0.37,-5.8,10.6,1.02,5.5,-0.5,50.0,57.8,49.2,46.5,58.8,105591.3,11.0,678059.63,5.1,2814566.31,12.7,5.0,5.6,0.3,0.5,2.7,3.4,-0.4,-0.1,11.8,39487.0,223.96,3.65,4.3,101.6743,6.924
2023-05-31,2159.02,2152.43,2121.48,2138.99,2134.04,21354941.0,22433699.0,-24.98,-0.01157,,,,,,63.6,167.7,51.7,283.0,5.6,-0.32,3.9,,12.6,5.9,7.3,7.8,,4.7,-0.11,-6.2,18.4,1.06,5.5,-1.2,49.5,56.4,48.8,47.0,55.0,105904.46,10.7,669761.55,5.3,2808469.34,12.4,4.9,5.5,0.5,0.5,2.3,3.2,0.2,0.2,11.8,4431.0,224.4,3.65,4.3,104.0529,7.0821
2023-06-30,2285.75,2280.56,2292.97,2310.92,2297.63,17929812.0,22768805.0,11.88,0.005197,,,,,,,,,,3.5,0.77,4.0,,11.7,3.2,6.8,7.2,,4.0,0.86,-7.2,12.7,0.15,5.5,-1.4,50.9,57.1,49.0,46.6,50.2,104756.71,9.6,675252.98,4.7,2820504.68,11.6,4.0,5.3,0.3,0.4,1.2,2.8,-0.2,0.2,11.4,12219.0,225.62,3.55,4.2,103.3521,7.2258
2023-07-31,2447.58,2450.41,2433.21,2447.46,2446.8,22447861.0,24302381.0,-0.78,-0.000319,0.8,,,,,63.6,168.4,52.1,284.1,4.4,0.78,4.2,,10.6,2.2,6.6,6.7,74.5,3.8,-0.6,-7.9,3.1,0.01,5.5,-0.3,50.5,53.9,49.3,46.4,50.9,105419.2,9.8,695595.48,3.1,2873023.83,11.3,3.0,4.8,0.3,0.3,0.3,2.5,0.0,0.0,11.3,32413.0,228.86,3.55,4.2,101.7038,7.1305
2023-08-31,2542.85,2543.54,2543.58,2555.2,2551.16,18374730.0,21701788.0,8.31,0.003268,,,,,,,,,,3.7,0.13,4.2,,9.7,1.6,6.5,6.8,,3.4,-0.89,-8.5,2.5,-0.02,5.4,-0.2,49.2,54.1,49.7,46.5,49.0,106129.68,9.9,677218.92,2.3,2854031.56,10.7,3.2,4.7,0.2,0.2,1.2,2.7,0.6,0.6,11.1,364.0,228.9,3.45,4.2,103.1575,7.1811
2023-09-30,2557.9,2564.98,2575.47,2597.99,2584.31,12870199.0,18544159.0,26.41,0.010325,,,,,,,,,,4.5,0.58,4.3,,9.5,2.4,6.6,7.0,,3.2,1.17,-8.8,4.6,0.74,5.3,-0.1,51.0,51.8,50.2,47.6,49.9,106515.36,9.5,679588.35,2.2,2869343.25,10.6,3.7,4.3,0.4,0.2,1.9,2.5,0.6,0.2,11.1,13412.0,230.24,3.45,4.2,106.151,7.1798
2023-10-31,2556.72,2559.03,2518.08,2537.22,2533.81,14323734.0,19816923.0,-22.91,-0.008961,1.5,,,,,63.9,169.2,53.9,287.0,4.5,0.41,4.4,,9.7,3.1,6.4,6.7,75.6,3.1,0.01,-9.1,5.5,0.38,5.2,-0.6,50.6,50.2,49.5,48.6,49.8,109253.22,10.7,678443.65,2.1,2896659.11,10.3,3.7,4.1,0.2,0.2,1.8,2.3,0.2,0.0,10.9,25369.0,232.78,3.45,4.2,106.2325,7.1779
2023-11-30,2535.55,2545.56,2533.5,2559.03,2556.96,16243612.0,20186769.0,21.41,0.008444,,,,,,,,,,4.6,0.42,4.5,,8.4,2.0,6.3,6.6,,2.9,0.15,-9.3,7.6,0.43,5.0,-1.0,49.5,50.4,49.4,46.9,47.7,108565.35,10.2,674696.07,1.9,2882276.07,10.3,3.2,4.0,0.0,0.2,1.1,2.2,-0.3,0.1,10.9,4837.0,233.26,3.45,4.2,102.8618,7.1018
2023-12-31,2556.09,2548.31,2523.71,2553.91,2528.38,12887919.0,16826979.0,-27.71,-0.010841,,,,,,,,,,6.6,0.79,4.7,,8.1,1.7,6.3,6.4,,2.9,0.31,-9.4,10.1,0.15,5.0,-1.7,50.7,51.5,49.0,46.6,47.8,110225.18,10.4,675903.41,1.3,2912014.22,10.0,3.1,4.0,-0.2,0.1,0.8,1.9,0.1,0.2,10.8,11120.0,234.37,3.45,4.2,101.3783,7.0827
2024-01-31,,,,,2518.66,,,-8.98,-0.003553,,,,,,,,,,,,,,,,,,,,,,,,,,,,49.2,,51.1,,,,,,,,,,,,,,,,,,3.45,4.2,103.3969,7.1039
2024-02-29,,,,,2524.89,,,6.05,0.002402,,,,,,,,,,,,,,,,,,,,,,,,,,50.8,52.7,,49.1,52.1,121398.54,5.9,694197.88,5.9,2976250.2,8.7,3.1,3.9,0.5,0.6,1.0,2.0,0.4,0.5,10.4,48401.0,240.32,3.45,3.95,103.9365,7.1036
2024-03-31,,,,,2534.39,,,4.04,0.001597,,,,,,,,,,,0.78,7.7,,8.6,2.4,6.5,6.2,,4.2,-0.34,-9.0,,-0.03,4.9,-0.9,50.9,52.5,50.8,47.8,,121009.93,12.5,665916.09,1.2,2995572.97,8.7,3.2,3.8,0.6,0.6,1.6,2.1,0.6,0.3,10.1,9773.0,241.29,3.45,3.95,104.5004,7.095
2024-04-30,,,,,2682.11,,,-4.27,-0.001589,1.5,,,,,64.0,174.1,56.7,294.8,4.5,-0.14,6.7,,8.2,2.5,6.1,5.7,73.6,4.5,0.32,-9.5,3.1,0.56,5.1,-0.4,51.4,52.7,50.4,50.3,51.9,117210.5,11.0,685808.9,1.1,3047952.16,8.3,3.5,3.8,0.6,0.5,2.0,2.3,0.0,0.1,9.6,32920.0,244.59,3.45,3.95,105.6482,7.1063
2024-05-31,,,,,2727.22,,,-14.46,-0.005274,,,,,,,,,,6.7,0.9,6.9,,7.6,3.1,6.0,5.7,,4.2,0.14,-9.8,2.3,-0.01,5.0,-0.5,,52.5,49.5,49.2,50.6,117310.55,10.8,660065.69,-1.4,3011941.98,7.2,3.4,3.6,0.4,0.3,2.3,2.5,0.5,0.5,9.6,3349.0,244.92,3.45,3.95,104.7332,7.1088
2024-06-30,,,,,2648.18,,,27.49,0.01049,,,,,,,,,,5.6,0.25,6.7,,8.0,3.6,6.0,5.7,,4.0,0.19,-10.1,3.7,0.57,4.9,-0.6,51.7,54.0,49.5,48.7,49.3,117062.72,11.7,646842.47,-4.2,3018506.73,7.0,3.3,3.4,0.2,0.2,2.6,2.7,0.0,0.3,9.3,8197.0,245.74,3.45,3.95,105.8603,7.1268
2024-07-31,,,,,2510.83,,,28.37,0.011428,0.5,,,,,63.5,174.3,57.8,295.6,5.3,0.39,6.5,,8.6,4.7,5.7,5.4,74.9,3.9,0.4,-10.1,2.0,0.0,4.9,-0.6,51.8,51.2,49.4,48.5,,117736.77,11.7,660610.52,-5.0,3050161.54,6.2,3.0,3.3,0.0,0.1,2.9,3.2,0.3,0.5,8.8,21927.0,247.93,3.35,3.85,104.4814,7.1346
2024-08-31,,,,,2472.97,,,7.13,0.002892,,,,,,,,,,5.1,0.35,6.3,,8.1,5.2,5.3,5.1,,3.6,0.07,-10.2,2.7,0.28,5.3,-0.1,49.8,52.1,49.1,46.8,48.6,118840.46,12.0,632296.54,-6.6,3033060.78,6.3,2.9,3.2,0.1,0.1,2.3,2.5,0.0,-0.1,8.7,-808.0,247.85,3.35,3.85,101.7271,7.1124
2024-09-30,,,,,2586.67,,,84.97,0.033965,,,,,,,,,,4.5,0.32,6.1,,8.4,5.1,4.8,4.6,,3.4,0.23,-10.2,2.1,0.02,5.4,0.1,49.3,50.3,49.8,47.2,46.0,119472.57,12.2,630238.09,-7.3,3050461.27,6.3,2.5,3.2,0.1,0.3,1.9,2.7,0.2,0.3,8.5,10411.0,248.89,3.35,3.85,100.9354,7.0074
2024-10-31,,,,,2550.29,,,-0.39,-0.000153,0.9,,,,,,,,,5.4,0.59,6.0,,7.6,4.6,4.7,4.7,75.1,3.4,0.65,-10.1,3.2,0.39,5.1,-0.1,,,50.1,47.2,48.1,121830.0,11.5,628236.54,-7.4,3094798.24,6.8,2.4,3.3,0.2,0.3,1.8,2.8,0.0,0.2,8.1,19742.0,250.87,3.1,3.6,104.104,7.125
