DATE,closeIndex,GDP,GNI,unemployment_rate,PPI,CPI,M2,CCI,PMI,ICI,CA,inde_tur_Vol,CHG,indexMarketValue,PEValue,PB,ROE,turnoverRate,upNum,downNum,equalNum,divYield,H_totalTurnoverValue,H_avgPe,H_avgDivYield,HS_marketValue,HS_turnoverVol,HS_turnoverValue
1990-12-31,127.61,,,,,,,,,,,7800.0,1.16,,,,,,,,,,,,,,,
1991-01-31,129.97,,,,,,,,,,,51000.0,-0.47,,,,,,,,,,,,,,,
1991-02-28,133.01,,,,,,,,,,,225800.0,-0.46,,,,,,,,,,,,,,,
1991-03-31,120.19,,282.6958606,,,,,,,,,218500.0,-0.42,,,,,,,,,,,,,,,
1991-04-30,113.94,,,,,,,,,,,485000.0,-0.81,,,,,,,,,,,,,,,
1991-05-31,114.83,,,,,,,,,,,121100.0,1.01,,,,,,,,,,,,,,,
1991-06-30,137.56,,,,,,,,,,,493500.0,1.37,,,,,,,,,,,,,,,
1991-07-31,143.8,,,,,,,,,,,405100.0,1.41,,,,,,,,,,,,,,,
1991-08-31,178.43,,,,,,,,,,,675900.0,1.77,,,,,,,,,,,,,,,
1991-09-30,180.92,,,,,,,,,,,2559400.0,-0.9,,,,,,,,,,,,,,,
1991-10-31,218.6,18357.23,,,,,,,,,,392900.0,2.17,,,,,,,,,,,,,,,
1991-11-30,259.6,,,,,,,,,,,3369500.0,2.25,,,,,,,,,,,,,,,
1991-12-31,292.75,,,,,,,,,,,58400.0,1.04,,,,,,,,,,,,,,,
1992-01-31,313.24,,,,,,,,,,,35400.0,0.51,,,,,,,,,,,,,,,
1992-02-29,364.66,,,,,,,,,,,986200.0,2.21,,,,,,,,,,,,,,,
1992-03-31,381.24,,,,,,,,,,,1739100.0,-0.2,,,,,,,,,,,,,,,
1992-04-30,445.38,,,,,,,,,,,4570400.0,1.22,,,,,,,,,,,,,,,
1992-05-31,1234.71,,,,,,,,,,,5161500.0,74.54,,,,,,,,,,,,,,,
1992-06-30,1191.19,,,,,,,,,,,5897600.0,21.68,,,,,,,,,,,,,,,
1992-07-31,1052.07,,,,,,,,,,,8714900.0,-5.33,,,,,,,,,,,,,,,
1992-08-31,823.27,,,,,,,,,,,5429600.0,-24.93,,,,,,,,,,,,,,,
1992-09-30,702.32,,,,,,,,,,,8977800.0,-8.31,,,,,,,,,,,,,,,
1992-10-31,507.25,,,,,,,,,,,14651000.0,23.0,,,,,,,,,,,,,,,
1992-11-30,724.6,,,,,,,,,,,37065500.0,86.93,,,,,,,,,,,,,,,
1992-12-31,780.39,,,,,,,,,,,13551100.0,12.87,,,,,,,,,,,,,,,
1993-01-31,1198.48,,,9.2,,,,,,,,52009700.0,48.11,,,,,,,,,,,,,,,
1993-02-28,1339.88,,,,,,,,,,,65026200.0,-70.48,,,,,,,,,,,,,,,
1993-03-31,925.91,,352.0543971,,,,,,,,,23505600.0,-32.14,,,,,,,,,,,,,,,
1993-04-30,1358.78,,,,,,,,,,,39949000.0,9.1,,,,,,,,,,,,,,,
1993-05-31,935.48,,,,,,,,,,,34190800.0,-37.29,,,,,,,,,,,,,,,
1993-06-30,1007.05,,,,,,,,,,,58065100.0,-21.39,,,,,,,,,,,,,,,
1993-07-31,881.07,,,,,,,,,,,122213600.0,74.4,,,,,,,,,,,,,,,
1993-08-31,895.68,,,,,,,,,,,16909200.0,-3.59,,,,,,,,,,,,,,,
1993-09-30,890.27,,,,,,,,,,,52482900.0,4.15,,,,,,,,,,,,,,,
1993-10-31,814.82,,,,,,,,,,,99924000.0,-9.84,,,,,,,,,,,,,,,
1993-11-30,984.93,,,,,,,,,,,160317700.0,11.97,,,,,,,,,,,,,,,
1993-12-31,833.8,,,,,,,,,,,69706300.0,7.57,,,,,,,,,,,,,,,
1994-01-31,770.25,,,9.3,,,,,,,,81296000.0,-29.01,,,,,,,,,,,,,,,
1994-02-28,770.98,,,,,,,,,,,285003400.0,-16.44,,,,,,,,,,,,,,,
1994-03-31,704.46,,399.900056,,,,,,,,,249675300.0,-1.88,,,,,,,,,,,,,,,
1994-04-30,592.56,,,,,,,,,,,260483500.0,-7.07,,,,,,,,,,,,,,,
1994-05-31,556.26,,,,,,,,,,,310822800.0,12.0,,,,,,,,,,,,,,,
1994-06-30,469.29,,,,,,,,,,,47517300.0,1.09,,,,,,,,,,,,,,,
1994-07-31,333.92,,,,,,,,,,,118338800.0,-5.89,,,,,,,,,,,,,,,
1994-08-31,785.33,,,,,,,,,,,1073481900.0,29.13,,,,,,,,,,,,,,,
1994-09-30,791.15,,,,,,,,,,,366876900.0,-48.22,,,,,,,,,,,,,,,
1994-10-31,654.98,33628.97,,,,,,,,,,155162400.0,-22.47,,,,,,,,,,,,,,,
1994-11-30,683.59,,,,,,,,,,,38725200.0,-3.97,,,,,,,,,,,,,,,
1994-12-31,647.87,,,,,,,,,,,67770900.0,2.81,,,,,,,,,,,,,,,
1995-01-31,562.59,,,8.7,,,,,,,,55862700.0,9.48,,,,,,,,,,,,,,,
1995-02-28,549.26,,,,,,,,,,,49528500.0,-12.01,,,,,,,,,,,,,,,
1995-03-31,646.92,,452.1421132,,,,,,,,,126596300.0,15.99,,,,,,,,,,,,,,,
1995-04-30,579.93,,,,,,,,,,,93814400.0,6.62,,,,,,,,,,,,,,,
1995-05-31,700.51,,,,,,,,,,,109235600.0,-10.49,,,,,,,,,,,,,,,
1995-06-30,630.58,,,,,,,,,,,191774000.0,-13.34,,,,,,,,,,,,,,,
1995-07-31,695.55,,,,,,,,,,,232412500.0,0.13,,,,,,,,,,,,,,,
1995-08-31,723.87,,,,,,,,,,,188234200.0,8.14,,,,,,,,,,,,,,,
1995-09-30,722.43,,,,,,,,,,,192206100.0,11.24,,,,,,,,,,,,,,,
1995-10-31,717.32,44589.15,,,,,,,,,,273356700.0,-5.46,,,,,,,,,,,,,,,
1995-11-30,641.14,,,,,,,,,,,92361600.0,-0.45,,,,,,,,,,,,,,,
1995-12-31,555.29,,,,,,,,,,,82233700.0,-1.53,,,,,,,,,,,,,,,
1996-01-31,537.35,,,,,,,,,,,196473200.0,4.78,,,,,,,,,,,,,,,
1996-02-29,552.94,,,,,,,,,,,187061000.0,15.96,,,,,,,,,,,,,,,
1996-03-31,556.39,,494.5359305,,,,,,,,,108585600.0,2.35,,,,,,,,,,,,,,,
1996-04-30,681.16,,,,,,,,,,,723560400.0,-57.46,,,,,,,,,,,,,,,
1996-05-31,643.65,,,,,,,,,,,241609900.0,7.29,,,,,,,,,,,,,,,
1996-06-30,804.25,,,,,,,,,,,436406200.0,-2.21,,,,,,,,,,,,,,,
1996-07-31,822.48,,,,,,,,,,,356860200.0,-14.45,,,,,,,,,,,,,,,
1996-08-31,809.938,,,,,,,,,,,466421900.0,21.208,,,,,,,,,,,,,,,
1996-09-30,875.525,,,,,,,,,,,677971100.0,20.861,,,,,,,,,,,,,,,
1996-10-31,976.71,56519.02,,,,,,,,,,718393000.0,17.77,,,,,,,,,,,,,,,
1996-11-30,1032.95,,,,0.3,,,,,,,1313048700.0,40.31,,,,,,,,,,,,,,,
1996-12-31,917.02,,,,0.0,,,,,,,472143300.0,-17.19,,,,,,,,,,,,,,,
1997-01-31,964.74,,,8.0,0.4,,,,,,,408801600.0,4.57,,,,,,,,,,,,,,,
1997-02-28,1040.27,,,,,,,,,,,669806600.0,14.97,,,,,,,,,,,,,,,
1997-03-31,1234.62,,,,0.4,,,,,,,850575000.0,31.95,,,,,,,,,,,,,,,
1997-04-30,1393.75,,,,,,,,,,,833159900.0,16.98,,,,,,,,,,,,,,,
1997-05-31,1285.18,,,,0.1,,,,,,,393774700.0,21.83,,,,,,,,,,,,,,,
1997-06-30,1250.27,,,,0.1,,,,,,,563251100.0,-34.19,,,,,,,,,,,,,,,
1997-07-31,1189.76,,,,,,,,,,,376326600.0,10.34,,,,,,,,,,,,,,,
1997-08-31,1221.06,,,,-0.6,,,,,,,731864300.0,7.17,,,,,,,,,,,,,,,
1997-09-30,1097.38,,,,,,,,,,,204530000.0,13.31,,,,,,,,,,,,,,,
1997-10-31,1180.39,67891.78,,,-0.9,,,,,,,305033800.0,5.54,,,,,,,,,,,,,,,
1997-11-30,1139.63,,,,-0.9,,,,,,,265787000.0,17.11,,,,,,,,,,,,,,,
1997-12-31,1194.1,,,,,,,,,,,309325000.0,12.96,,,,,,,,,,,,,,,
1998-01-31,1222.91,,,8.2,-0.9,,,,,,,358068400.0,18.48,,,,,,,,,,,,,,,
1998-02-28,1206.53,,,,-1.3,,,,,,,358215000.0,-0.14,,,,,,,,,,,,,,,
1998-03-31,1243.02,,,,-2.6,,,,,,,609167600.0,-6.42,,,,,,,,,,,,,,,
1998-04-30,1343.45,,,,-3.2,,,,,,,885859300.0,10.95,,,,,,,,,,,,,,,
1998-05-31,1411.21,,,,-3.7,,,,,,,950879600.0,13.31,,,,,,,,,,,,,,,
1998-06-30,1339.2,,,,,,,,,,,381065600.0,-22.23,,,,,,,,,,,,,,,
1998-07-31,1316.92,,,,-4.9,,,,,,,482576000.0,1.62,,,,,,,,,,,,,,,
1998-08-31,1150.22,,,,-5.0,,,,,,,561265800.0,20.5,,,,,,,,,,,,,,,
1998-09-30,1242.9,,,,,,,,,,,561127200.0,11.15,,,,,,,,,,,,,,,
1998-10-31,1217.32,,,,-4.2,,,103.2618,,,,469293500.0,0.56,,,,,,,,,,,,,,,
1998-11-30,1247.42,,,,-5.7,,,,,,,404677800.0,2.34,,,,,,,,,,,,,,,
1998-12-31,1146.7,,,,,,,,,,,231784300.0,-1.56,,,,,,,,,,,,,,,
1999-01-31,1134.673,,,7.6,-3.8,,,104.4675,,,,515158500.0,-6.302,,,,,,,,,,,,,,,
1999-02-28,1090.087,,,,,,,,,,,327566200.0,24.271,,,,,,,,,,,,,,,
1999-03-31,1158.054,,640.3149399,,,,,,,,,484239000.0,0.547,,,,,,,,,,,,,,,
1999-04-30,1120.927,,,,-4.6,,,105.9454,,,,419609700.0,4.522,,,,,,,,,,,,,,,
1999-05-31,1279.326,,,,-3.9,,,,,,,2347326200.0,2.176,,,,,,,,,,,,,,,
1999-06-30,1689.428,,,,,,,,,,,4885793200.0,-49.777,,,,,,,,,,,,,,,
1999-07-31,1601.459,,,,-3.6,,,106.6844,,,,1456164300.0,5.599,,,,,,,,,,,,,,,
1999-08-31,1627.116,,,,-2.5,,,,,,,735498400.0,8.077,,,,,,,,,,,,,,,
1999-09-30,1570.702,,,,-2.3,,,,,,,455507200.0,-14.252,,,,,,,,,,,,,,,
1999-10-31,1504.563,,,,-2.1,,,107.7345,,,,850592500.0,-9.962,,,,,,,,,,,,,,,
1999-11-30,1434.973,,,,,,,,,,,491033600.0,-0.495,,,,,,,,,,1425.4479,,,,,
1999-12-31,1366.58,,,,-1.1,,,,,,,401397100.0,9.654,,,,,,,,,,,,,,,
2000-01-31,1534.997,,,7.5,-0.8,,,108.9402,,,,2938895600.0,28.23,,,,,,,,,,,,,,,
2000-02-29,1714.578,,,,,,,,,,,2868075700.0,9.723,,,,,,,,,,2807.44,,,,,
2000-03-31,1800.225,,691.4386096,,1.0,,,,,,,2334072500.0,-10.759,,,,,,,,,,33677.8,,,,,
2000-04-30,1836.321,,,,1.9,,,110.0292,,,,1097131100.0,29.491,,,,,,,,,,,,,,,
2000-05-31,1894.554,,,,2.6,,,,,,,1576923500.0,17.083,,,,,,,,,,3249.13,,,,,
2000-06-30,1928.106,,,,2.5,,,,,,,1246757800.0,-9.155,,,,,,,,,,3327.79,,,,,
2000-07-31,2023.539,,,,2.9,,,110.9627,,,,1230729200.0,10.746,,,,,,,,,,7104.08,,,,,
2000-08-31,2021.199,,,,4.5,,,,,,,1122430800.0,-54.944,,,,,,,,,,11624.39,,,,,
2000-09-30,1910.161,,,,3.9,,,,,,,374559100.0,20.872,,,,,,,,,,,,,,,
2000-10-31,1961.29,88388.05,,,3.7,,,111.8572,,,,909042200.0,-12.29,,,,,,,,,,3071.53,,,,,
2000-11-30,2070.61,,,,,,,,,,,846555000.0,3.11,,,,,,,,,,3703.09,,,,,
2000-12-31,2073.477,,,,3.5,,,,,,,1365868000.0,19.773,,,,,,,,,,,,,,,
2001-01-31,2065.606,,,,2.8,,,,,,,1183126400.0,22.496,,,,,,,,,,,,,,,
2001-02-28,1959.18,,,,1.43,,,,,,,614135400.0,-2.862,,,,,,,,,,2569.33,,,,,
2001-03-31,2112.775,,750.9939486,,0.86,,,,,,,2439539100.0,11.117,,,,,,,,,,,,,,,
2001-04-30,2119.184,,,7.4,0.2,,,113.1018,,,,1091178200.0,4.075,,,,,,,,,,2968.3721,39.74,0.58,,,
2001-05-31,2214.257,,,,-0.1,,,,,,,1857307800.0,3.056,,,,,,,,,,7698.76,44.4997,0.5197,,,
2001-06-30,2218.029,,,,-0.2,,,,,,,1723035100.0,-1.221,,,,,,,,,,,,,,,
2001-07-31,1920.318,,,7.0,-0.6,,,113.6074,,,,712509425.0,-36.505,,,,,,,,,,2574.8296,37.34,0.59,,,
2001-08-31,1834.138,,,,-1.3,,,,,,,313606500.0,-5.493,,,,,,,,,,1327.0459,31.35,0.79,,,
2001-09-30,1764.867,,,,-2.0,,,,,,,342117900.0,-0.065,,,,,,,,,,,,,,,
2001-10-31,1689.17,98692.6,,,-2.9,,,113.9186,,,,405136500.0,6.401,,,,,,,,,,1381.71,26.99,0.85,,,
2001-11-30,1747.993,,,,-3.1,,,,,,,731250700.0,15.697,,,,,,,,,,2895.91,29.66,0.75,,,
2001-12-31,1645.971,,,,-3.7,,,,,,,516915800.0,6.487,,,,,,,,,,5136.44,31.27,0.68,,,
2002-01-31,1491.665,,,,-4.0,,,,,,,1880069700.0,95.06,,,,,,,,,,7480.55,34.76,0.63,,,
2002-02-28,1524.701,,,,,,,,,,,647798900.0,-13.618,,,,,,,,,,3070.83,35.83,0.61,,,
2002-03-31,1603.905,,811.7764699,,-4.09,,,,,,,1200856100.0,-46.768,,,,,,,,,,,,,,,
2002-04-30,1667.749,,,,-4.02,,,113.2574,,,,970235100.0,1.937,,,,,,,,,,,,,,,
2002-05-31,1515.733,,,,-3.06,,,,,,,421432000.0,-7.789,,,,,,,,,,,,,,,
2002-06-30,1732.755,,,,-2.63,,,,,,,2973538300.0,9.21,,,,,,,,,,,,,,,
2002-07-31,1651.594,,,,-2.48,,,113.3741,,,,510307400.0,-17.408,,,,,,,,,,,,,,,
2002-08-31,1666.618,,,,-2.34,,,,,,,395075500.0,-0.7,,,,,,,,,,,,,,,
2002-09-30,1581.618,,,,-1.73,,,,,,,390558100.0,-6.031,,,,,,,,,,,,,,,
2002-10-31,1507.496,108775.72,,,-1.38,,,,,,,357921800.0,-2.211,,,,,,,,,,,,,,,
2002-11-30,1434.182,,,,-1.03,,,,,,,1506471300.0,16.657,,,,,,,,,,,,,,,
2002-12-31,1357.654,,,,-0.41,,,,,,,650583400.0,-8.708,,,,,,,,,,,,,,,
2003-01-31,1499.815,,,7.3,0.41,,,,,,,990554100.0,-0.824,,,,,,,,,,,,,,,
2003-02-28,1511.932,,,,2.38,,,,,,,646578200.0,-1.772,,,,,,,,,,109006.34,,,,,
2003-03-31,1510.578,,,,3.97,,,,,,,1050938600.0,18.637,,,,,,,,,,135937.1,,,,,
2003-04-30,1521.444,,,,4.58,,,,,,,1889841000.0,12.131,,,,,,,,,,145418.88,,,,,
2003-05-31,1576.261,,,,3.62,,,,,,,1614687600.0,8.105,,,,,,,,,,,,,,,
2003-06-30,1486.024,,,,1.96,,,,,,,578042000.0,-11.03,,,,,,,,,,176202.17,,,,,
2003-07-31,1476.742,,,,1.34,,,,,,,556584900.0,-2.91,,,,,,,,,,216921.45,,,,,
2003-08-31,1421.983,,,,1.39,,,,,,,571402300.0,6.29,,,,,,,,,,,,,,,
2003-09-30,1367.161,,,,1.38,,,,,,,605960700.0,11.826,,,,,,,,,,293610.2,,,,,
2003-10-31,1348.303,120819.31,,5.4,1.37,,,,,,,998747800.0,3.67,,,,,,,,,,376229.62,,,,,
2003-11-30,1397.225,,,,1.23,,,,,,,1200490900.0,8.122,,,,,,,,,,,,,,,
2003-12-31,1497.044,,,,1.92,,,,,,,1456238400.0,-14.647,,,,,,,,,,331258.0,,,,,
2004-01-31,1590.729,,,,,,,,,,,2406213000.0,-38.108,,,,,,,,,,,,,,,
2004-02-29,1675.067,,,,3.47,,,,,,,1970836300.0,20.169,,,,,,,,,,,,,,,
2004-03-31,1741.623,,982.9205058,,3.54,,,,,,,1614404300.0,17.346,,,,,,,,,,393889.0,,,,,
2004-04-30,1595.587,,,7.7,3.99,,,111.2349,,,,1241838000.0,16.14,,,,,,,,,,290592.0,,,,,
2004-05-31,1555.906,,,,5.01,,,,,,,731838100.0,7.184,,,,,,,,,,275284.0,,,,,
2004-06-30,1399.162,,,,5.7,,,,,,,820082900.0,-9.527,,,,,,,,,,264526.0,,,,,
2004-07-31,1386.202,,,8.0,6.4,,,108.0068,,,,899729500.0,-21.129,,,,,,,,,,,,,,,
2004-08-31,1342.062,,,,6.38,,,,,,,1165273200.0,22.655,,,,,,,,,,250947.0,,,,,
2004-09-30,1396.7,,,,6.81,,,,,,,1295904900.0,-23.309,,,,,,,,,,308104.0,,,,,
2004-10-31,1320.536,,,8.5,7.95,,,106.2566,,,,1790571500.0,-21.201,,,,,,,,,,,,,,,
2004-11-30,1340.771,,,,8.43,,,,,,,927724500.0,3.337,,,,,,,,,,440033.0,,,,,
2004-12-31,1266.496,,,,8.13,,,,,,,830394900.0,-7.213,,,,,,,,,,405388.0,,,,,
2005-01-31,1191.823,,,8.3,7.07,,,108.0068,,,,907806200.0,-21.85,,,,,,,,,,404620.0,,,,,
2005-02-28,1306.003,,,,,,,,,,,1765143200.0,-6.442,,,,,,,,,,287592.0,,,,,
2005-03-31,1181.236,,1086.173919,,5.37,,,,,,,1043779000.0,8.662,,,,,,,,,,393114.0,,,,,
2005-04-30,1159.146,,,7.7,,,,109.6014,,,,1410569600.0,-9.972,,,,,,,,,,,,,,,
2005-05-31,1060.738,,,,5.78,,,,,,,923922400.0,0.576,,,,,,,,,,273868.0,,,,,
2005-06-30,1080.938,,,,5.97,,,,,,,1378595900.0,-24.054,,,,,,,,,,379450.0,,,,,
2005-07-31,1083.033,,,7.8,5.24,,,110.3015,,,,1768394400.0,-3.515,,,,,,,,,,,,,,,
2005-08-31,1162.798,,,,5.19,,,,,,,2167609900.0,16.413,,,,,,,,,,520802.0,,,,,
2005-09-30,1155.614,,,,5.26,,,,,,,1449348100.0,0.129,,,,,,,,,,382751.0,,,,,
2005-10-31,1092.817,167922.55,,8.1,,,,110.1459,,,,1483514200.0,11.95,,,,,,,,,,382784.0,,,,,
2005-11-30,1099.261,,,,4.01,,,,,,,1087597500.0,2.275,,,,,,,,,,396385.0,,,,,
2005-12-31,1161.057,,,,3.21,,,,,,,2002793400.0,-8.805,,,,,,,,,,,,,,,
2006-01-31,1258.046,,,9.6,,,,,,,,2655866000.0,5.984,,,,,,,,,,,,,,,
2006-02-28,1299.03,,,,,,,,,,,2364742200.0,1.844,,,,,,,,,,656351.0,,,,,
2006-03-31,1298.295,,1204.574117,,3.01,,,,,,,2663685800.0,3.577,,,,,,,,,,696905.0,,,,,
2006-04-30,1440.223,,,8.7,2.49,,,109.7959,,,,4456204300.0,23.491,,,,,,,,,,,,,,,
2006-05-31,1641.3,,,,1.87,,,,,,,5701597900.0,-15.988,,,,,,,,,,713748.0,,,,,
2006-06-30,1672.211,,,,2.43,,,,,,,4983707600.0,0.593,,,,,,,,,,652737.0,,,,,
2006-07-31,1612.733,,,9.4,3.52,,,109.5625,,,,3365448600.0,-49.298,,,,,,,,,,488111.0,,,,,
2006-08-31,1658.638,,,,3.58,,,,,,,3513501600.0,3.443,,,,,,,,,,565285.0,,,,,
2006-09-30,1752.424,,,,3.4,,,,,,,4123628500.0,15.461,,,,,,,,,,,,,,,
2006-10-31,1837.993,199228.1,,9.5,,,,110.5271,,,,4655713500.0,28.337,,,,,,,,,,747014.0,,,,,
2006-11-30,2099.289,,,,2.98,,,,,,,7277973100.0,45.198,,,,,,,,,,1082095.0,,,,,
2006-12-31,2675.474,,,,2.78,,,,,,,8676901200.0,107.88,,,,,,,,,,,,,,,
2007-01-31,2786.335,,,10.3,3.05,,,112.2384,,,,11426597000.0,-144.227,,,,,,,,,,1266635.0,,,,,
2007-02-28,2881.073,,,,3.3,,,,,,,12147916800.0,109.282,,,,,,,,,,913871.0,,,,,
2007-03-31,3183.983,,1364.888459,,2.6,,,,,,,8942400600.0,-13.554,,,,,,,,,,,,,,,
2007-04-30,3841.272,,,9.9,2.65,,,111.7405,,,,14652571300.0,81.405,,,,,,,,,,997405.0,,,,,
2007-05-31,4109.654,,,,2.87,,,,,,,17311531200.0,56.566,,,,,,,,,,1333976.0,,,,,
2007-06-30,3820.703,,,,2.76,,,,,,,8609998500.0,-93.501,,,,,,,,,,,,,,,
2007-07-31,4471.032,,,10.6,2.49,,,112.9229,,,,10856141000.0,30.263,,,,,,,,,,1905011.0,,,,,
2007-08-31,5218.825,,,,2.39,,,,,,,10355626100.0,50.941,,,,,,,,,,2168466.0,,,,,
2007-09-30,5552.301,232836.74,,,2.56,,,,,,,8063128500.0,142.898,,,,,,,,,,,,,,,
2007-10-31,5954.765,,,11.0,2.71,,,113.1407,,,,7102956400.0,57.572,,,,,,,,,,3487325.0,,,,,
2007-11-30,4871.778,,,,3.21,,,,,,,4331466200.0,-131.555,,,,,,,,,,3007223.0,,,,,
2007-12-31,5261.563,,,,4.55,,,,,,,7718703800.0,-47.326,,,,,,,,,,,,,,,
2008-01-31,4383.393,,,11.4,,,,,,,,4514155800.0,-34.456,,,,,,,,,,2629311.0,,,,,
2008-02-29,4348.543,,,,6.07,,,,,,,4783538300.0,49.03,,,,,,,,,,1593386.0,,,,,
2008-03-31,3472.713,,,,6.62,,,,,,,4711346900.0,-107.433,,,,,,,,,,1699723.0,,,,,
2008-04-30,3693.106,,,10.9,7.95,,,,,,,10761770800.0,169.701,,,,,,,,,,1820521.0,,,,,
2008-05-31,3433.354,,,,8.12,,,,,,,4849540700.0,31.917,22664900000000.0,25.96,3.96,0.15091,0.0121,475.0,336.0,93.0,0.00657,,,,,,
2008-06-30,2736.103,,,,8.22,,,,,,,3851885400.0,-12.329,18163300000000.0,20.81,3.17,0.15092,0.0096,470.0,340.0,94.0,0.01425,1286877.0,,,,,
2008-07-31,2775.717,,,10.5,8.84,,,,,,,4453026900.0,-60.951,18392800000000.0,20.97,3.2,0.15112,0.01,68.0,798.0,38.0,0.01354,1391196.0,,,,,
2008-08-31,2397.369,,,,10.03,,,,,,,4640576800.0,47.226,15932800000000.0,17.55,2.81,0.15793,0.0095,855.0,24.0,25.0,0.01544,,,,,,
2008-09-30,2293.784,,,,10.06,,,,,,,7825930700.0,-3.717,15076600000000.0,16.66,2.66,0.17062,0.0183,408.0,427.0,70.0,0.01797,,,,,,
2008-10-31,1728.786,279737.85,,10.3,9.13,,,,,,,4021961900.0,-34.821,11103700000000.0,12.52,1.95,0.15764,0.0092,199.0,656.0,50.0,0.02371,1296734.0,,,,,
2008-11-30,1871.156,,,,6.59,,,,,,,7772228100.0,-46.705,11962600000000.0,13.5,2.1,0.1576,0.0163,249.0,595.0,60.0,0.02398,,,,,,
2008-12-31,1820.805,,,,1.99,,,,,,,5039609900.0,-12.105,11877200000000.0,13.1,2.04,0.15051,0.0104,176.0,662.0,67.0,0.02466,905448.0,,,,,
2009-01-31,1990.657,,,9.5,,,,,,,,8596770600.0,-14.294,12917200000000.0,14.25,2.22,0.15048,0.017,289.0,582.0,34.0,0.0227,,,,,4438500499.0,32345774875.0
2009-02-28,2082.852,,,,-3.35,,,,,,,12290521000.0,-38.399,13478500000000.0,14.88,2.32,0.15032,0.0248,78.0,794.0,33.0,0.02169,,,,,6473355951.0,50678645629.0
2009-03-31,2373.213,,,,-4.47,,,,,,,14269549800.0,15.173,15102100000000.0,17.52,2.58,0.14045,0.028,481.0,368.0,55.0,0.0191,1024976.0,,,,6790994186.0,61415428512.0
2009-04-30,2477.569,,,7.4,-5.99,,,,,,,13115416800.0,9.377,15534300000000.0,19.33,2.59,0.12037,0.0247,614.0,220.0,69.0,0.01804,1238219.0,,,,6872473464.0,62840717929.0
2009-05-31,2632.93,,,,-6.6,,,,,,,10316772000.0,44.355,15773700000000.0,20.52,2.74,0.12037,0.0181,424.0,417.0,61.0,0.01676,,,,,5514571959.0,54685640777.0
2009-06-30,2959.362,,,,-7.2,,,,,,,12581395800.0,-15.952,18829800000000.0,23.43,3.13,0.12037,0.0221,273.0,564.0,65.0,0.01516,1618347.0,,,,6243010057.0,66862023568.0
2009-07-31,3412.062,,,8.3,-7.82,,,,,,,19371437500.0,90.502,20431700000000.0,26.6,3.6,0.12027,0.0253,844.0,28.0,30.0,0.01354,1524461.0,,,,8665243213.0,106541000000.0
2009-08-31,2667.745,,,,-8.22,,,,,,,11824625000.0,-192.943,17187900000000.0,20.15,2.81,0.12222,0.018,27.0,842.0,34.0,0.01726,1474934.0,,,,5820366062.0,65059859668.0
2009-09-30,2779.426,333314.0,,,-7.86,,,,,,,6483325400.0,24.886,16734400000000.0,21.17,2.95,0.12223,0.0091,651.0,188.0,65.0,0.01659,1339121.0,,,,3504017961.0,40152949298.0
2009-10-31,2995.848,,,8.8,-6.99,,,102.5384,,,,10479218700.0,35.382,18306700000000.0,22.03,3.03,0.122,0.0118,710.0,151.0,45.0,0.01535,,,,,6609165297.0,99686338131.0
2009-11-30,3195.301,,,,-5.85,,,,,,,13886026300.0,99.036,19684200000000.0,23.52,3.21,0.12251,0.0147,872.0,6.0,28.0,0.01327,1486053.0,,,,7704365445.0,104433000000.0
2009-12-31,3277.139,,,,-2.08,,,,,,,11652040200.0,14.539,20506500000000.0,24.4,3.33,0.12303,0.0118,650.0,185.0,71.0,0.01273,1315533.0,,,,5396271291.0,76793085683.0
2010-01-31,2989.292,,,8.9,1.7,,,103.4905,,,,8047587500.0,-4.851,18728800000000.0,22.22,3.04,0.12317,0.0086,494.0,351.0,63.0,0.01393,,,,16941100000000.0,5030986690.0,68433145755.0
2010-02-28,3051.943,,,,4.32,,,,,,,10129629100.0,-8.675,19097000000000.0,20.7,3.1,0.12359,0.0101,361.0,484.0,64.0,0.01362,,,,17485300000000.0,6441850127.0,90156262718.0
2010-03-31,3109.105,,1870.63698,,5.39,,,,,,,10114335100.0,-19.363,20124500000000.0,22.23,3.08,0.12818,0.0101,358.0,510.0,42.0,0.01334,1377695.0,,,17957900000000.0,5905098618.0,96028851661.0
2010-04-30,2870.611,,,10.2,5.91,,,105.6,,,,8873444400.0,2.179,19603000000000.0,16.22,2.65,0.14059,0.0095,216.0,664.0,35.0,0.01454,1328104.0,,,16586100000000.0,5643886915.0,84026851407.0
2010-05-31,2592.147,,,,6.81,,,,,,,7874388200.0,-63.62,17807000000000.0,14.72,2.4,0.14065,0.0086,72.0,798.0,42.0,0.01921,1342495.0,,,14997100000000.0,5339416147.0,75074665079.0
2010-06-30,2398.37,,,,7.13,,,,,,,5521056900.0,-28.683,16591800000000.0,15.32,2.23,0.14065,0.0054,167.0,701.0,44.0,0.01636,1102849.0,,,13906600000000.0,3788742228.0,46404605200.0
2010-07-31,2637.503,,,9.6,6.41,,,107.7,,,,9477378800.0,-10.613,19038200000000.0,16.57,2.45,0.15967,0.009,336.0,515.0,63.0,0.01784,,,,16136700000000.0,6746271316.0,86155436494.0
2010-08-31,2638.798,,,,4.84,,,,,,,11089024500.0,-13.866,19021800000000.0,15.66,2.42,0.14946,0.0117,422.0,433.0,61.0,0.01774,1279573.0,,,16340100000000.0,8526807132.0,132333000000.0
2010-09-30,2655.658,,,,,,,,,,,8958036100.0,44.98,19248600000000.0,15.74,2.43,0.14938,0.0098,790.0,95.0,32.0,0.01793,1547871.0,,,16519200000000.0,5126539747.0,74735021041.0
2010-10-31,2978.835,365303.69,,9.5,4.33,,,106.4006,,,,14710975400.0,-13.744,21812200000000.0,16.99,2.6,0.14803,0.0152,489.0,374.0,57.0,0.01576,,,,18701500000000.0,9375193159.0,155061000000.0
2010-11-30,2820.181,,,,5.04,,,,,,,13932486300.0,-46.175,20673800000000.0,15.84,2.43,0.14844,0.0123,120.0,777.0,25.0,0.01662,2168192.0,,,17872400000000.0,8918456500.0,154905000000.0
2010-12-31,2808.077,,,,,,,,,,,8335021400.0,48.502,20865700000000.0,14.88,2.45,0.14842,0.0075,861.0,32.0,32.0,0.01649,1396362.0,,,17900700000000.0,4788660423.0,89380454095.0
2011-01-31,2790.694,,,9.5,5.93,,,102.3468,,,,9150281400.0,37.944,20991100000000.0,14.93,2.46,0.14861,0.0074,756.0,124.0,49.0,0.01644,1575345.0,,,17986800000000.0,4007894338.0,64671012674.0
2011-02-28,2905.053,,,,6.6435,,,,,,,11870576300.0,26.488,21810800000000.0,16.62,2.55,0.14875,0.0098,764.0,113.0,56.0,0.01584,1310250.0,,,18791400000000.0,6826231496.0,113686000000.0
2011-03-31,2928.111,,2064.183382,,7.2322,,,,,,,10893561100.0,-27.66,22515300000000.0,15.86,2.44,0.15218,0.0088,239.0,651.0,48.0,0.01562,1821244.0,,,19018700000000.0,6029499797.0,87188450586.0
2011-04-30,2911.511,,,9.1,7.3081,,,102.3667,,,,8753425500.0,24.467,22481700000000.0,14.91,2.32,0.15257,0.006,772.0,111.0,55.0,0.0156,,,,18991000000000.0,4264926121.0,59850106688.0
2011-05-31,2743.472,,,,6.821,,,,,,,6790038300.0,37.111,21356200000000.0,14.08,2.18,0.1525,0.0053,841.0,63.0,37.0,0.01357,1300208.0,,,17941100000000.0,4217311185.0,53110151236.0
2011-06-30,2762.076,,,,6.7851,,,,,,,9096712400.0,33.593,21491900000000.0,14.14,2.2,0.15264,0.0069,846.0,52.0,50.0,0.02303,1463369.0,,,18125100000000.0,5665168964.0,76508773312.0
2011-07-31,2701.729,,,9.2,,,,106.8333,,,,7547165500.0,-7.048,20992300000000.0,13.78,2.14,0.15292,0.0058,250.0,637.0,64.0,0.02006,,,,17765500000000.0,4641875335.0,70539403468.0
2011-08-31,2567.34,,,,7.5417,,,,,,,5916972000.0,0.745,20050200000000.0,12.54,2.02,0.15837,0.0044,367.0,522.0,67.0,0.02115,1812011.0,,,16977000000000.0,4091347309.0,61495687129.0
2011-09-30,2359.22,437041.99,,,7.2526,,,,,,,4881837200.0,-6.123,18534400000000.0,11.59,1.87,0.1584,0.0035,419.0,469.0,71.0,0.02268,1422803.0,,,15662900000000.0,2945859249.0,35368707741.0
2011-10-31,2468.25,,,9.0,6.5227,,,104.6667,,,,8417256200.0,-5.16,19432600000000.0,11.72,1.9,0.1581,0.0059,472.0,430.0,64.0,0.02158,1429477.0,,,16501500000000.0,6016660392.0,80414424708.0
2011-11-30,2333.414,,,,5.0038,,,,,,,7661110400.0,-78.979,18486600000000.0,11.12,1.8,0.15805,0.0054,37.0,894.0,38.0,0.02289,1320161.0,,,15640200000000.0,5414981133.0,69784478769.0
2011-12-31,2199.417,,,,2.7179,,,,,,,5194383800.0,25.856,17787600000000.0,10.68,1.72,0.15794,0.0035,865.0,46.0,61.0,0.02389,,,,14837600000000.0,3511196553.0,39957356898.0
2012-01-31,2292.61,,,8.9,1.6854,,,,,,,4873832500.0,7.572,18532300000000.0,10.64,1.8,0.1652,0.0034,502.0,377.0,93.0,0.02287,1001132.0,,,15502100000000.0,3173933538.0,34463134086.0
2012-02-29,2428.487,,,,0.7347,,,,,,,9553695200.0,-23.37,19605500000000.0,11.77,1.9,0.16504,0.0067,171.0,748.0,54.0,0.02164,1436657.0,,,16476400000000.0,6707312767.0,80349428111.0
2012-03-31,2262.788,,2249.89198,,0.0284,,,,,,,6202414700.0,10.628,18605800000000.0,11.12,1.72,0.15222,0.0044,437.0,436.0,102.0,0.0229,,,,15494200000000.0,4335465803.0,49767256343.0
2012-04-30,2396.316,,,7.5,-0.3171,,,102.9667,,,,9122835000.0,-8.381,19496300000000.0,11.61,1.76,0.14779,0.0061,248.0,630.0,99.0,0.02162,,,,16441100000000.0,5806679507.0,62047052607.0
2012-05-31,2372.234,,,,-0.6984,,,,,,,7789022800.0,-12.434,19069100000000.0,11.21,1.69,0.14595,0.0056,355.0,525.0,100.0,0.02195,1205831.0,,,16299500000000.0,6998397572.0,75970454384.0
2012-06-30,2225.431,,,,,,,,,,,6144188600.0,29.588,17997300000000.0,10.57,1.59,0.14601,0.0045,761.0,142.0,82.0,0.02544,,,,15318900000000.0,4914721793.0,56413683662.0
2012-07-31,2103.634,,,7.7,-2.0843,,,102.1667,,,,5345609700.0,-6.28,17112900000000.0,10.05,1.51,0.14588,0.0036,215.0,729.0,43.0,0.0295,912538.0,,,14522800000000.0,3963470693.0,41656417427.0
2012-08-31,2047.522,,,,-2.8651,,,,,,,4614390400.0,-5.063,16505300000000.0,8.96,1.47,0.1566,0.003,516.0,377.0,98.0,0.03065,1007538.0,,,14224700000000.0,3849955009.0,39054990785.0
2012-09-30,2086.169,,,,,,,,,,,7944895200.0,29.846,16893500000000.0,9.11,1.5,0.14588,0.0054,921.0,45.0,27.0,0.03028,,,,14500300000000.0,5265181354.0,53829531216.0
2012-10-31,2068.88,521441.11,,7.9,-3.5545,,,99.4667,,,,5952723400.0,6.533,16660200000000.0,9.69,1.44,0.14822,0.0036,563.0,336.0,95.0,0.03027,1048590.0,,,14432500000000.0,4209322717.0,37381801313.0
2012-11-30,1980.117,,,,-2.7558,,,,,,,5689341600.0,16.629,16113400000000.0,9.37,1.39,0.14822,0.0033,862.0,95.0,37.0,0.03123,1203952.0,,,13822600000000.0,3723316878.0,30878789714.0
2012-12-31,2269.128,,,,,,,,,,,12803140200.0,35.876,18441200000000.0,10.72,1.59,0.14082,0.0079,722.0,189.0,83.0,0.02727,1164003.0,,,15869800000000.0,8508500876.0,87851299235.0
2013-01-31,2385.422,,,8.1,-1.9397,,,,,,,13970789200.0,2.947,19493100000000.0,11.33,1.68,0.14084,0.0082,403.0,536.0,55.0,0.02581,1721924.0,,,16749700000000.0,8986103981.0,94218379455.0
2013-02-28,2365.593,,,,-1.6372,,,,,,,12695049400.0,52.373,19247300000000.0,11.18,1.66,0.14819,0.0082,914.0,49.0,33.0,0.02614,1220243.0,,,16630600000000.0,8993729973.0,99464950250.0
2013-03-31,2236.621,,2443.957448,,,2.6,,,,,,8556547300.0,0.319,18326200000000.0,10.39,1.53,0.14027,0.0055,464.0,432.0,100.0,0.02762,,,,15731200000000.0,5654774319.0,61351159602.0
2013-04-30,2177.912,,,8.2697,-1.919,,,105.1,,,,7667397000.0,-21.395,17971100000000.0,9.59,1.45,0.14477,0.005,157.0,771.0,68.0,0.02821,,,,15337200000000.0,6719329197.0,73941065636.0
2013-05-31,2300.595,,,,-2.6175,,,,,,,10816255400.0,-17.154,18848000000000.0,10.34,1.49,0.13762,0.0073,231.0,697.0,66.0,0.02568,1269912.0,,,16231800000000.0,10278845449.0,116338000000.0
2013-06-30,1979.206,,,,,,,,,,,10073796800.0,29.193,16292800000000.0,8.94,1.29,0.13761,0.0066,534.0,379.0,81.0,0.032,,,,13977500000000.0,8015168367.0,81352264332.0
2013-07-31,1993.799,,,8.2982,-2.6965,,,99.9,,,,7016060300.0,3.735,16418400000000.0,9.0,1.3,0.1378,0.0047,521.0,354.0,120.0,0.03453,1137066.0,,,14109200000000.0,7591995730.0,83003161188.0
2013-08-31,2098.382,,,,-2.2712,,,,,,,17007564900.0,1.155,17162600000000.0,8.41,1.36,0.14202,0.0099,448.0,474.0,73.0,0.0332,,,,14844500000000.0,12305647300.0,126083000000.0
2013-09-30,2174.665,,,,-1.625,,,,,,,9281008100.0,14.638,17692000000000.0,9.44,1.41,0.14189,0.0064,738.0,179.0,78.0,0.03223,1193848.0,,,15417600000000.0,7520517807.0,90464126162.0
2013-10-31,2141.614,576551.85,,8.3505,-1.3439,,,,,,,10806302000.0,-18.849,17537800000000.0,8.99,1.34,0.14242,0.0065,304.0,605.0,86.0,0.03268,1227371.0,,,15197000000000.0,9245522657.0,95416528427.0
2013-11-30,2220.504,,,,,,,,,,,10695905300.0,1.132,18150400000000.0,9.31,1.39,0.14244,0.0069,484.0,400.0,110.0,0.03147,,,,15770100000000.0,10503006365.0,131289000000.0
2013-12-31,2115.978,,,,-1.4242,,,,,,,8047437500.0,18.449,17338900000000.0,8.89,1.33,0.14244,0.0052,636.0,277.0,81.0,0.03294,1130842.0,,,15116500000000.0,7588405564.0,91044263336.0
2014-01-31,2033.083,,,8.2712,-1.3557,,,,,,,6261518400.0,-16.831,16654300000000.0,8.54,1.28,0.14964,0.0044,253.0,660.0,81.0,0.0343,,,,14631200000000.0,7203111769.0,98536732159.0
2014-02-28,2056.302,,,,-1.6,,,,,,,11163790700.0,8.948,16959900000000.0,8.65,1.3,0.14272,0.0072,680.0,240.0,80.0,0.03369,1242000.0,,,14881200000000.0,10607769653.0,133096000000.0
2014-03-31,2033.306,,,,,2.0,,,,,,9435653600.0,-8.406,17219000000000.0,8.62,1.27,0.14204,0.0054,334.0,585.0,82.0,0.03363,1498370.0,,,14774200000000.0,7097777716.0,76893007233.0
2014-04-30,2026.358,,,7.8252,-2.3019,,,,,,,7452857800.0,6.017,17131500000000.0,7.71,1.2,0.14757,0.0043,626.0,262.0,113.0,0.03375,1308746.0,,,14749500000000.0,5511957507.0,60512771854.0
2014-05-31,2039.212,,,,-2.0042,,,,,,,7514889800.0,-1.383,17287100000000.0,7.77,1.21,0.14758,0.0047,439.0,408.0,153.0,0.03345,,,,14866400000000.0,7404088861.0,86738815812.0
2014-06-30,2048.327,,,,-1.4464,,,,,,,9666659800.0,11.817,17369700000000.0,7.81,1.22,0.14759,0.0059,655.0,212.0,133.0,0.0279,1028798.0,,,14942100000000.0,11041939649.0,124152000000.0
2014-07-31,2201.562,,,7.968,-1.1092,,,,,,,16469165400.0,20.319,18649800000000.0,9.17,1.31,0.13771,0.0091,718.0,176.0,110.0,0.03465,1425595.0,,,16147100000000.0,13375935545.0,142715000000.0
2014-08-31,2217.2,,,,,,,,,,,10520249600.0,21.382,18528900000000.0,8.89,1.31,0.14011,0.0064,783.0,125.0,101.0,0.03431,,,,16334200000000.0,9172412426.0,108255000000.0
2014-09-30,2363.87,,,,-1.2038,,,,,,,19391869000.0,6.16,19652800000000.0,9.38,1.4,0.14066,0.0106,546.0,348.0,119.0,0.03195,1593397.0,,,17612400000000.0,15011482784.0,181598000000.0
2014-10-31,2420.18,634345.32,,7.9,-1.7996,,,,,,,32576352200.0,29.104,20190600000000.0,9.46,1.38,0.13739,0.0155,465.0,445.0,111.0,0.03104,1403549.0,,,18097400000000.0,17551252027.0,203716000000.0
2014-11-30,2682.84,,,,-2.2428,,,,,,,46588003500.0,52.35,22619500000000.0,10.59,1.54,0.13738,0.0225,359.0,556.0,113.0,0.02783,,,,20125200000000.0,23930260519.0,300099000000.0
2014-12-31,3234.68,,,,-2.6928,,,,,,,40599852100.0,68.86,28264100000000.0,13.22,1.91,0.14498,0.0196,702.0,235.0,97.0,0.02242,2037569.0,,,24397400000000.0,16028553362.0,209457000000.0
2015-01-31,3210.363,,,8.0768,-3.3152,,,104.9,,,,25831254800.0,-51.942,27783000000000.0,13.0,1.89,0.14497,0.0129,229.0,714.0,95.0,0.02283,,,,24499600000000.0,15703352068.0,215512000000.0
2015-02-28,3310.303,,,,-4.3202,,,,,,,29916371700.0,11.944,28684200000000.0,13.41,1.95,0.13742,0.0147,583.0,355.0,112.0,0.02207,,,,25511600000000.0,18304727855.0,278830000000.0
2015-03-31,3747.899,,,,-4.7976,,,,,,,56167603700.0,-38.669,32727200000000.0,15.34,2.11,0.13002,0.0273,310.0,655.0,96.0,0.01947,1984477.0,,,29221000000000.0,31897457433.0,555628000000.0
2015-04-30,4441.655,,,7.9468,-4.5603,,,,,,,52672797500.0,-34.965,37381300000000.0,18.13,2.35,0.12303,0.0249,416.0,553.0,104.0,0.0165,3801844.0,,,34841900000000.0,27819064404.0,549221000000.0
2015-05-31,4611.744,,,,,,,,,,,61126240900.0,-8.522,37640000000000.0,18.41,2.41,0.12309,0.0305,507.0,455.0,124.0,0.01643,,,,36062600000000.0,41343863217.0,903178000000.0
2015-06-30,4277.222,,,,-4.607,,,,,,,70917663300.0,224.192,37991900000000.0,17.7,2.34,0.12314,0.031,915.0,73.0,118.0,0.01404,3143397.0,,,34669100000000.0,40044285863.0,722749000000.0
2015-07-31,3663.726,,,8.3841,-4.8135,,,,,-0.4,,35095574500.0,-42.04,32011600000000.0,15.41,2.01,0.12321,0.0179,300.0,674.0,140.0,0.0194,2773195.0,,,30001300000000.0,23537647572.0,418261000000.0
2015-08-31,3205.986,,,,,,,,,0.0,,39743138200.0,-26.364,28618000000000.0,12.89,1.71,0.13647,0.0189,171.0,781.0,162.0,0.02214,1979766.0,,,26312500000000.0,26671730939.0,365404000000.0
2015-09-30,3052.781,,,,-5.9227,,,,52.2,-0.9,,14664244900.0,14.644,27522400000000.0,12.39,1.64,0.12298,0.0072,635.0,296.0,183.0,0.02258,1642300.0,,,25107500000000.0,15005148859.0,214808000000.0
2015-10-31,3382.561,,,8.3733,-5.945,,,104.6933,,,,24359511800.0,-4.754,30058000000000.0,12.88,1.78,0.12821,0.0127,379.0,570.0,165.0,0.02059,,,,27848600000000.0,29680901886.0,496101000000.0
2015-11-30,3445.405,,,,-5.9,,,,,0.1,,30419790300.0,9.102,30336200000000.0,14.05,1.8,0.11642,0.0158,493.0,503.0,117.0,0.02024,1580228.0,,,28489400000000.0,32531579277.0,596814000000.0
2015-12-31,3539.182,684349.41,,,-5.9193,,,,53.1,-0.4,,17696365900.0,-33.694,31290600000000.0,13.54,1.85,0.12539,0.01,192.0,816.0,111.0,0.01969,1356846.0,,,29519400000000.0,22322357351.0,434180000000.0
2016-01-31,2737.6,,,8.3,,,,103.8667,,0.7,,18667310600.0,81.939,24854900000000.0,10.72,1.45,0.12539,0.0091,1019.0,32.0,73.0,0.02507,,,,22946400000000.0,18158762934.0,249750000000.0
2016-02-29,2687.979,,,,-5.2797,,,,,0.4,,20741070900.0,-79.231,24445000000000.0,11.29,1.43,0.11654,0.0099,54.0,981.0,91.0,0.02558,1181247.0,,,22632100000000.0,20871172919.0,267239000000.0
2016-03-31,3003.915,,3021.124206,,-4.9026,,,,,-0.2,,22041344500.0,3.27,27580500000000.0,12.72,1.55,0.11341,0.0115,514.0,491.0,126.0,0.02289,1462202.0,,,25408200000000.0,25103664174.0,445659000000.0
2016-04-30,2938.324,,,7.6,-4.3207,,,102.8,52.4,3.1,,10931062800.0,-7.265,27046800000000.0,12.51,1.47,0.10959,0.0059,408.0,578.0,147.0,0.02317,,,,24967100000000.0,14063760513.0,238661000000.0
2016-05-31,2916.616,,,,-3.3813,,,,,0.8,,21526034100.0,94.165,27146000000000.0,12.53,1.46,0.10866,0.011,1056.0,2.0,83.0,0.02278,1261151.0,,,24854400000000.0,25779795877.0,398501000000.0
2016-06-30,2929.606,,,,,,,,50.8,0.1,,15446493000.0,-1.986,27306100000000.0,12.59,1.47,0.10868,0.0086,466.0,545.0,135.0,0.02337,1311276.0,,,25092000000000.0,22452809678.0,390219000000.0
2016-07-31,2979.339,,,7.5,,,,101.2333,51.3,-0.6,,15010153400.0,-14.984,27994400000000.0,12.9,1.5,0.10874,0.0077,291.0,753.0,107.0,0.02218,,,,25692000000000.0,16856587863.0,262162000000.0
2016-08-31,3085.491,,,,-1.7,,,,53.2,-0.3,,14136860900.0,10.814,29056600000000.0,13.63,1.56,0.10548,0.0073,579.0,438.0,144.0,0.02167,1509259.0,,,27060100000000.0,17449108681.0,274009000000.0
2016-09-30,3004.703,,,,-0.8,,,,52.6,1.6,,10133356200.0,6.22,27809800000000.0,13.34,1.53,0.10554,0.0049,682.0,328.0,162.0,0.0219,1559001.0,,,26574100000000.0,12897371803.0,186885000000.0
2016-10-31,3100.492,722767.87,,7.6,0.1,,,105.6667,,0.3,,15150676400.0,-3.778,30417700000000.0,13.62,1.52,0.10326,0.0076,499.0,577.0,106.0,0.02092,1157018.0,,,27804200000000.0,16573625885.0,258683000000.0
2016-11-30,3250.034,,,,1.2,,,,53.7,1.1,,24357605300.0,-32.89,31645400000000.0,14.34,1.6,0.10348,0.0106,366.0,727.0,101.0,0.01969,1488892.0,,,29530300000000.0,19572387262.0,303872000000.0
2016-12-31,3103.637,,,,3.3,,,,53.2,0.8,,13326713000.0,7.54,31182600000000.0,13.83,1.54,0.10357,0.0063,600.0,482.0,131.0,0.02028,,,,28460800000000.0,13244151226.0,194114000000.0
2017-01-31,3159.166,,,7.8,5.5,,,,,-0.1,,11387677200.0,9.611,31601300000000.0,14.25,1.59,0.10365,0.0049,803.0,300.0,133.0,0.01963,,,,29412200000000.0,10407576290.0,145492000000.0
2017-02-28,3241.733,,,,6.9,,,108.0667,,-0.1,,15124431800.0,13.073,32692600000000.0,14.64,1.64,0.10412,0.0074,781.0,340.0,139.0,0.0189,1632256.0,,,30372200000000.0,15635500107.0,235303000000.0
2017-03-31,3222.5142,,3227.427787,,7.8,1.6,,,54.2,0.3,,19644292200.0,12.2773,33111600000000.0,14.64,1.62,0.10391,0.0085,715.0,453.0,110.0,0.01902,1889205.0,,,30448000000000.0,15998915323.0,250514000000.0
2017-04-30,3154.6584,,,7.7,7.6,,,110.9333,,0.2,,16288989900.0,2.4715,33416300000000.0,14.35,1.55,0.10454,0.0073,742.0,416.0,140.0,0.01938,,,,30030300000000.0,16578855393.0,235047000000.0
2017-05-31,3117.1778,,,,6.4,,,,,-0.3,,15295043000.0,7.1191,33416600000000.0,14.18,1.53,0.10421,0.0071,555.0,632.0,129.0,0.01938,1580059.0,,,29777500000000.0,15753454202.0,212198000000.0
2017-06-30,3192.4269,,,,5.5,,,,53.6,0.0,-8.725965383,12146454300.0,4.3644,34752400000000.0,14.53,1.56,0.10424,0.0054,638.0,554.0,142.0,0.01841,1750030.0,,,30746500000000.0,14497897689.0,195626000000.0
2017-07-31,3273.0283,,,7.7,5.5,,,112.9,,0.6,,24603944000.0,19.7879,35918500000000.0,14.98,1.62,0.11646,0.0095,785.0,436.0,129.0,0.02087,1790976.0,,,31697600000000.0,23665536060.0,287167000000.0
2017-08-31,3360.8103,,,,5.5,,,,,-0.1,,23441978100.0,-2.8163,37137500000000.0,15.16,1.67,0.1063,0.0098,735.0,509.0,125.0,0.02035,2174978.0,,,32710100000000.0,19545509903.0,278335000000.0
2017-09-30,3348.9431,,,,,,,,,0.5,-16.65953627,14486244300.0,9.301,37162900000000.0,15.15,1.66,0.10634,0.0064,964.0,305.0,117.0,0.02079,,,,32780900000000.0,18316140858.0,259917000000.0
2017-10-31,3393.3417,780069.97,,7.8,6.9,,1652000.0,115.9667,,0.5,,15349820600.0,3.0046,38061900000000.0,14.89,1.65,0.10724,0.007,984.0,317.0,100.0,0.02033,1919098.0,,,33449800000000.0,15790234163.0,234105000000.0
2017-11-30,3317.1884,,,,6.9,,,,53.2,-0.9,,15659585100.0,-20.6736,37695800000000.0,14.71,1.63,0.11556,0.0068,431.0,848.0,143.0,0.02052,2639017.0,,,33021500000000.0,15151516657.0,211737000000.0
2017-12-31,3307.1721,,,,,,1666500.0,,,0.7,-0.428874565,14158683600.0,10.7874,38082000000000.0,14.84,1.64,0.10728,0.0061,944.0,357.0,133.0,0.02026,,,,33132500000000.0,14101228038.0,196723000000.0
2018-01-31,3480.8334,,,8.0,4.9,,1692500.0,122.6,,-0.3,,20725340300.0,-7.1756,40835700000000.0,15.88,1.75,0.10727,0.0081,272.0,1075.0,95.0,0.01905,3540696.0,,,35104200000000.0,19619165931.0,252946000000.0
2018-02-28,3259.408,,,,4.3346,,,,54.0,,,15104353600.0,-32.6599,38160900000000.0,13.81,1.65,0.10738,0.0063,483.0,791.0,174.0,0.02021,2605587.0,,,33410600000000.0,18746288044.0,245555000000.0
2018-03-31,3168.8966,,3464.298606,,3.7,2.1,,,,-0.7,0.672659443,15464659600.0,8.366,37420600000000.0,14.03,1.56,0.10839,0.0071,941.0,358.0,155.0,0.02068,,,,32566700000000.0,20999054839.0,301911000000.0
2018-04-30,3082.2316,,,7.5,3.1,,1742500.0,122.8667,,,,13122564300.0,7.2015,36995300000000.0,12.64,1.48,0.10881,0.0066,798.0,524.0,136.0,0.02116,,,,31796700000000.0,16591944992.0,234379000000.0
2018-05-31,3095.4737,,,,3.4,,1739500.0,,54.8,-0.2,,14047553200.0,54.0303,37067100000000.0,13.32,1.47,0.10868,0.0068,1208.0,150.0,105.0,0.02266,2195588.0,,,32070100000000.0,17548505583.0,224319000000.0
2018-06-30,2847.4181,,,,,,1736500.0,,,0.3,-0.256805959,12567168500.0,60.5215,34601700000000.0,12.35,1.37,0.10917,0.0053,1364.0,26.0,78.0,0.02742,,,,29958200000000.0,18225899969.0,208373000000.0
2018-07-31,2876.4009,,,7.6,4.7,,1776500.0,121.3333,,,,11893111700.0,7.3514,35397200000000.0,12.6,1.4,0.10924,0.0045,798.0,555.0,122.0,0.02484,1881369.0,,,30543700000000.0,14882982747.0,154429000000.0
2018-08-31,2725.2499,,,,4.6,,1772500.0,,54.3,-0.2,,10975874200.0,-12.4868,33584300000000.0,11.49,1.32,0.11283,0.0046,329.0,1050.0,99.0,0.02618,2169960.0,,,29065100000000.0,13970464638.0,134578000000.0
2018-09-30,2821.3501,,,,4.1,,,,,-0.1,-5.581402919,13429045600.0,29.5753,34962100000000.0,11.96,1.38,0.11283,0.0048,1190.0,199.0,94.0,0.02547,,,,30155700000000.0,15654670646.0,138732000000.0
2018-10-31,2602.7832,847140.1,,7.7,3.6,,,118.9333,,-0.2,,18055034800.0,34.7351,32509300000000.0,10.94,1.24,0.11073,0.0064,1261.0,174.0,51.0,0.02743,1989759.0,,,27862200000000.0,19503927722.0,160467000000.0
2018-11-30,2588.1875,,,,3.3,,1807920.0,,51.7,,,13932902100.0,20.7441,32466100000000.0,10.87,1.23,0.11063,0.0047,992.0,414.0,83.0,0.02754,1956268.0,,,27965400000000.0,19021801254.0,155646000000.0
2018-12-31,2493.8962,,,,,,1812500.0,,,-0.1,1.592812091,11924525000.0,10.8098,31268000000000.0,10.47,1.18,0.11062,0.0045,782.0,594.0,113.0,0.02872,,,,26951500000000.0,15771001199.0,134791000000.0
2019-01-31,2584.5724,,,7.6,0.9,,1821100.0,121.4,49.6,,,15430386900.0,8.9968,32744500000000.0,10.96,1.24,0.11064,0.0051,363.0,1091.0,42.0,0.02733,1944233.0,,,28102400000000.0,20719945376.0,160627000000.0
2019-02-28,2940.9538,,,,0.1,,,,51.4,,,35020660200.0,-12.8704,36987000000000.0,11.69,1.4,0.11063,0.0109,900.0,552.0,49.0,0.02413,1796918.0,,,32019400000000.0,42256905727.0,364301000000.0
2019-03-31,3090.758,,3686.718811,,,,,,,0.2,0.192980182,37508299100.0,95.8146,38797700000000.0,13.01,1.44,0.10879,0.0135,1376.0,109.0,19.0,0.02311,,,,33719300000000.0,43581270818.0,450015000000.0
2019-04-30,3078.3389,,,7.0,0.4,,,124.6,52.9,,,22230251700.0,15.8404,38784200000000.0,12.73,1.39,0.10625,0.0078,1142.0,320.0,46.0,0.02307,1978957.0,,,33659000000000.0,26466221774.0,272052000000.0
2019-05-31,2898.6961,,,,0.9,,1892500.0,,52.1,,,19523058000.0,-7.1093,36650700000000.0,12.01,1.31,0.10634,0.007,644.0,763.0,104.0,0.02443,2045495.0,,,31832100000000.0,24996543818.0,247145000000.0
2019-06-30,2978.8784,,,,0.6,,1899500.0,,,,-1.193018476,18143152300.0,-17.9142,37883700000000.0,12.41,1.35,0.10635,0.0065,295.0,1170.0,49.0,0.02591,,,,32797200000000.0,24351705625.0,232170000000.0
2019-07-31,2932.5058,,,7.0,0.0,,1931500.0,124.8667,,,,14105234800.0,-19.8325,37308100000000.0,12.26,1.33,0.12026,0.005,350.0,1109.0,60.0,0.02561,1512297.0,,,33036100000000.0,18589417401.0,193628000000.0
2019-08-31,2886.2365,,,,-0.3,,1925500.0,,,0.0,,19395995100.0,-4.6827,36672200000000.0,11.74,1.31,0.10821,0.0078,293.0,1191.0,43.0,0.02598,,,,32597700000000.0,31377581429.0,332427000000.0
2019-09-30,2905.1892,,,,-0.8,,1935500.0,,51.3,,-0.417703429,11664681100.0,-26.9778,36954600000000.0,11.8,1.31,0.10799,0.0047,360.0,1096.0,75.0,0.02566,1592652.0,,,32909200000000.0,18530655729.0,210555000000.0
2019-10-31,2929.0561,,,7.0,-1.2,,1945500.0,123.6333,51.4,0.2,,16157148300.0,-10.2648,37339000000000.0,11.73,1.27,0.1147,0.006,413.0,1070.0,48.0,0.02528,1593778.0,,,33267300000000.0,24407929448.0,269747000000.0
2019-11-30,2871.9813,,,,,,,,,,,12261296800.0,-17.7121,36702300000000.0,11.49,1.25,0.10527,0.0047,713.0,707.0,115.0,0.02577,,,,32907600000000.0,18575691721.0,202536000000.0
2019-12-31,3050.124,,,,-1.4,,1965500.0,,52.8,-0.1,1.698309845,21742902200.0,10.1001,39524100000000.0,11.19,1.32,0.11532,0.0073,954.0,482.0,102.0,0.02386,1516361.0,,,35552000000000.0,28404259727.0,307701000000.0
2020-01-31,2976.5281,,,6.9,-0.5,,1978500.0,,,-1.8,,27276323400.0,-84.2264,38474300000000.0,10.9,1.28,0.11535,0.0103,111.0,1418.0,12.0,0.02447,,,,35422600000000.0,40313284236.0,481740000000.0
2020-02-29,2880.3038,,,,0.1,,,125.1667,,,,40121691400.0,-111.025,38043100000000.0,11.47,1.24,0.10502,0.0142,77.0,1464.0,5.0,0.02506,,,,34683000000000.0,61156141025.0,697418000000.0
2020-03-31,2750.2962,,,,-0.4,,,,55.8,7.3,0.491030795,21859867400.0,3.0824,36250400000000.0,10.88,1.17,0.1051,0.0078,693.0,768.0,88.0,0.02605,3117403.0,,,33089700000000.0,31852695029.0,344184000000.0
2020-04-30,2860.0822,,,-5.2,-1.5,,2057500.0,122.5,,10.1,,24245527800.0,37.6398,37139800000000.0,11.79,1.18,0.09596,0.009,1244.0,255.0,53.0,0.0249,1909446.0,,,34742300000000.0,34873885565.0,402677000000.0
2020-05-31,2852.3512,,,,-3.1,,,,,1.4,,20679280400.0,6.1295,36960900000000.0,11.73,1.17,0.09585,0.0072,865.0,596.0,92.0,0.02496,,,,34940200000000.0,29606150754.0,340426000000.0
2020-06-30,2984.6741,,,,-3.7,,2103500.0,,,,-1.417335028,21495721400.0,23.1577,38759300000000.0,12.28,1.23,0.09582,0.0089,1247.0,220.0,93.0,0.02426,2637568.0,,,37201500000000.0,32853656948.0,451053000000.0
2020-07-31,3310.0065,,,-1.6,-3.0,,2134875.3,114.9333,,0.3,,35375897900.0,23.1845,43273400000000.0,13.68,1.37,0.09616,0.0131,974.0,436.0,83.0,0.0238,3632257.0,,,42092600000000.0,48698526208.0,651482000000.0
2020-08-31,3395.6775,,,,-2.4,,2134500.0,,52.8,0.2,,32347389000.0,-8.1291,43619700000000.0,14.46,1.41,0.09167,0.0115,637.0,807.0,52.0,0.02338,2838336.0,,,43327900000000.0,45305284855.0,599238000000.0
2020-09-30,3218.0521,,,,-2.0,,2144500.0,,54.5,,1.148081372,15350445700.0,-6.3072,41670300000000.0,12.96,1.34,0.09167,0.0055,508.0,910.0,78.0,0.02422,2698527.0,,,41372900000000.0,25284232417.0,334869000000.0
2020-10-31,3224.5325,,,0.4,-2.1,,2154000.0,,,,,23018880300.0,-48.1949,42838300000000.0,13.09,1.33,0.09332,0.0086,198.0,1278.0,26.0,0.02429,,,,41686700000000.0,37759075654.0,544193000000.0
2020-11-30,3391.7551,,,,-2.1,,,118.0333,,-1.0,,38498996800.0,-16.552,45612900000000.0,14.58,1.4,0.09202,0.0115,527.0,909.0,83.0,0.02278,3387017.0,,,44185700000000.0,37278245435.0,497655000000.0
2020-12-31,3473.0693,,,,-1.5,,2163500.0,,55.8,-0.9,2.903220389,33567392600.0,58.6166,46485100000000.0,14.86,1.42,0.09203,0.0109,1112.0,333.0,88.0,0.02244,3098678.0,,,45532200000000.0,37290920133.0,513814000000.0
2021-01-31,3483.0692,,,2.1,-0.4,,2199000.0,,,1.3,,29366266400.0,-22.1067,46827800000000.0,14.97,1.43,0.09202,0.0103,390.0,1114.0,37.0,0.02231,,,,45701500000000.0,36964851206.0,536782000000.0
2021-02-28,3509.0804,,,,0.3,,,,,,,33328006700.0,-75.9654,47564900000000.0,15.09,1.45,0.0925,0.0104,543.0,957.0,52.0,0.02196,,,,46106900000000.0,34562671087.0,483513000000.0
2021-03-31,3441.9115,,,,1.7,2.5,2216000.0,,53.9,-0.2,1.328903357,28304926100.0,-14.7651,46930700000000.0,14.24,1.4,0.0947,0.0076,807.0,680.0,66.0,0.02237,4564574.0,,,45344400000000.0,30858109444.0,373890000000.0
2021-04-30,3446.8564,,,15.6,4.4,,2284500.0,,,,,31266035400.0,-28.0447,47188100000000.0,11.25,1.34,0.10084,0.0097,517.0,978.0,67.0,0.02302,2958963.0,,,45762800000000.0,33542091224.0,466772000000.0
2021-05-31,3615.4773,,,,6.8,,2281500.0,,55.2,,,33152377000.0,14.6929,49600400000000.0,13.56,1.41,0.10088,0.0098,947.0,560.0,57.0,0.02138,3062944.0,,,48627700000000.0,38735972550.0,560899000000.0
2021-06-30,3591.197,,,,9.0,,2267500.0,,,-2.1,2.653118649,26816281800.0,18.0191,49410800000000.0,13.48,1.4,0.10092,0.0087,863.0,625.0,97.0,0.02187,3055732.0,,,49181800000000.0,35830908701.0,528636000000.0
2021-07-31,3397.3574,,,11.8,8.8,,2311500.0,,,2.6,,38144095600.0,-14.3666,46580500000000.0,12.86,1.34,0.10083,0.0134,858.0,704.0,59.0,0.02342,,,,46954500000000.0,47850107715.0,772237000000.0
2021-08-31,3543.9402,,,,9.0,,2309500.0,,,-3.2,,52420505600.0,15.789,49580800000000.0,12.5,1.4,0.10747,0.0162,925.0,701.0,33.0,0.02231,3505523.0,,,49667800000000.0,53163250897.0,780859000000.0
2021-09-30,3568.1668,,,,9.5,,,,54.0,,4.540392352,39562962600.0,31.8724,50423300000000.0,12.68,1.42,0.10751,0.0102,1335.0,305.0,54.0,0.02225,3205042.0,,,49988700000000.0,35328367068.0,505372000000.0
2021-10-31,3547.3361,,,9.5,10.7,,2340500.0,,,-3.5,,35880937700.0,28.9195,50014700000000.0,12.57,1.39,0.10586,0.0121,1269.0,405.0,33.0,0.02265,,,,49806100000000.0,38081817328.0,612485000000.0
2021-11-30,3563.8872,,,,13.5,,2328500.0,,53.2,,,34918793800.0,1.1904,50341500000000.0,12.41,1.38,0.10616,0.011,1081.0,566.0,72.0,0.02247,2896485.0,,,50672000000000.0,47474084053.0,730085000000.0
2021-12-31,3639.7754,,,,12.9,,2379500.0,,,4.0,2.280763825,32968193200.0,20.5868,51621600000000.0,12.71,1.41,0.10616,0.0094,1103.0,571.0,74.0,0.02185,2590661.0,,,51950600000000.0,47012802264.0,629246000000.0
2022-01-31,3361.4397,,,8.2,10.3,,,,,-4.8,,29085525700.0,-32.8077,48242600000000.0,11.86,1.32,0.10619,0.0083,1161.0,555.0,45.0,0.02344,,,,48112600000000.0,35912246383.0,465406000000.0
2022-02-28,3462.3064,,,,9.1,,,,,6.2,,34583838800.0,10.9003,49775800000000.0,11.72,1.36,0.10618,0.0094,795.0,919.0,66.0,0.02276,2216434.0,,,49678000000000.0,39878999461.0,536562000000.0
2022-03-31,3252.2029,,,,8.8,,2449500.0,,,-7.7,-0.428473292,39843993400.0,-14.393,47156800000000.0,11.4,1.26,0.10566,0.0104,840.0,913.0,52.0,0.02392,4021477.0,,,46739000000000.0,49976752653.0,582275000000.0
2022-04-30,3047.0624,,4319.735067,4.0,8.3,,2488500.0,,,,,42393279400.0,71.5776,44430100000000.0,10.69,1.17,0.10415,0.0111,1701.0,113.0,17.0,0.02497,,,,43884200000000.0,46662780114.0,525466000000.0
2022-05-31,3186.4271,,,,8.0,,,,50.5,,,37452326500.0,37.3664,45626600000000.0,10.97,1.2,0.1034,0.0105,1297.0,477.0,86.0,0.0242,2388351.0,,,46082500000000.0,38546954996.0,504837000000.0
2022-06-30,3398.6161,,,,6.4,,2579500.0,,52.8,3.6,-0.233246464,38124317800.0,37.0984,49542100000000.0,11.71,1.28,0.10348,0.0116,1132.0,654.0,107.0,0.02237,3164184.0,,,49394400000000.0,,650783000000.0
2022-07-31,3253.2382,,,1.8,,,2565500.0,,,3.0,,30733104700.0,-29.3376,47438100000000.0,11.18,1.23,0.11221,0.0096,552.0,1317.0,50.0,0.02789,,,,47705500000000.0,,605313000000.0
2022-08-31,3202.1378,,,,4.2,,2578500.0,,50.6,,,34440882900.0,-25.0825,47138400000000.0,10.79,1.21,0.10503,0.0103,302.0,1617.0,21.0,0.02816,2125014.0,,,47361300000000.0,,571322000000.0
2022-09-30,3024.3905,,,,2.3,,2631500.0,,49.3,-1.9,2.906016022,20411533600.0,-16.8141,44913300000000.0,10.26,1.15,0.1138,0.0059,553.0,1308.0,96.0,0.03012,1950314.0,,,45018000000000.0,,321319000000.0
2022-10-31,2893.4829,,,2.3,0.9,,2616500.0,,49.4,,,30199420300.0,-22.4428,42682700000000.0,9.68,1.08,0.10814,0.0103,1166.0,759.0,50.0,0.03112,2091901.0,,,43384700000000.0,,487390000000.0
2022-11-30,3151.3353,,,,-1.3,,2638500.0,,49.3,0.7,,37271832100.0,1.5875,46794400000000.0,10.59,1.18,0.10307,0.0097,780.0,1114.0,96.0,0.02838,3087882.0,,,47128500000000.0,,528126000000.0
2022-12-31,3089.2579,,,,-1.3,,2680500.0,,,,4.486810105,21754534400.0,15.5563,46196100000000.0,9.95,1.16,0.10806,0.006,1361.0,577.0,71.0,0.02987,,,,46378700000000.0,,354630000000.0
2023-01-31,3255.6692,,,2.3,-0.7,,,,52.5,,,30016295700.0,-13.6488,50474000000000.0,10.55,1.23,0.10794,0.0086,1106.0,838.0,79.0,0.02746,2519288.0,,,49068400000000.0,,526663000000.0
2023-02-28,3279.6053,,,,-0.8,,2742500.0,,,3.0,,25162503200.0,21.5709,50906000000000.0,10.65,1.25,0.10288,0.0071,1506.0,466.0,58.0,0.0272,2367628.0,,,49595900000000.0,,440412000000.0
2023-03-31,3272.8602,,,,-1.4,,2814894.8,,51.2,2.5,7.811694209,28361374600.0,11.6117,51455500000000.0,11.34,1.24,0.10156,0.0087,1332.0,621.0,94.0,0.027,2910154.0,,,49744300000000.0,,558267000000.0
2023-04-30,3323.2746,,4440.0,5.4,-2.5,,2812174.8,,,2.9,,40155478500.0,37.3902,53978500000000.0,11.51,1.26,0.10102,0.0113,1543.0,476.0,44.0,0.02673,,,,50848600000000.0,,602862000000.0
2023-05-31,3204.5644,,,,-3.6,,,,50.5,-2.8,,29457333800.0,-19.6489,52062000000000.0,11.2,1.2,0.09872,0.0085,694.0,1304.0,71.0,0.02764,2121889.0,,,49296700000000.0,,554805000000.0
2023-06-30,3202.0623,,,,-4.6,,2875736.6,,51.2,-2.5,2.105702212,26537987300.0,19.6811,52169700000000.0,11.21,1.2,0.0988,0.0079,1554.0,457.0,55.0,0.02813,2095129.0,,,49339600000000.0,,560526000000.0
2023-07-31,3291.0398,,,6.4,-5.4,,2861667.2,,,-0.8,,45903099400.0,15.1141,53834700000000.0,11.56,1.23,0.09877,0.011,1444.0,592.0,49.0,0.02552,2045965.0,,,50680300000000.0,,594607000000.0
2023-08-31,3119.8764,,,,-4.4,,2872740.6,,,,,31344824200.0,-17.2611,51313600000000.0,11.33,1.18,0.09596,0.0078,635.0,1399.0,70.0,0.02651,2341618.0,,,48324100000000.0,,467755000000.0
2023-09-30,3110.4753,,,,,,2907647.2,,,1.3,8.191810605,23632998100.0,3.1597,51457100000000.0,11.35,1.19,0.09593,0.0064,1451.0,570.0,97.0,0.02628,,,,48167400000000.0,,429174000000.0
2023-10-31,3018.7706,,,6.0,-2.5,,,,,0.5,,31985996700.0,-2.7828,49984400000000.0,10.67,1.13,0.09317,0.0089,864.0,1179.0,90.0,0.02706,1575771.0,,,46797300000000.0,,533104000000.0
2023-11-30,3029.6727,,,,-2.6,,2879431.9,,,0.4,,28294535700.0,7.9853,50010900000000.0,11.13,1.13,0.09311,0.0075,741.0,1304.0,95.0,0.02705,2102126.0,,,47046900000000.0,,447436000000.0
2023-12-31,2974.9348,,,,,,2933417.2,,,0.2,6.79080407,29067268700.0,20.2313,49735000000000.0,11.06,1.12,0.09304,0.0081,1657.0,418.0,80.0,0.02676,,,,46312700000000.0,,474150000000.0
2024-01-31,2788.5482,,,,,,,,51.1,,,37710396500.0,-41.9784,48107470682558.0,10.7,1.07,0.09304,0.0088,179.0,1963.0,19.0,0.02996,2126731.0,,,43312791000000.0,,403224150834.27
2024-02-29,3015.1712,,,,-2.5,,,,,,,40969637400.0,57.3188,51636448343293.0,11.47,1.15,0.09305,0.0103,2108.0,48.0,11.0,0.02787,1709919.0,,,46855864000000.0,,600043828318.44
2024-03-31,3041.1669,,,,,,3059433.6,,50.8,,,33482278500.0,30.5033,52457146075619.0,11.62,1.15,0.09192,0.0082,1591.0,540.0,47.0,0.02755,,,,47302285000000.0,,494303807436.21
2024-04-30,3104.8245,,,5.0,-2.8,,3041572.3,89.1333,53.0,-7.5,,44021321300.0,-8.2187,54250459659515.0,12.17,1.14,0.08808,0.0106,793.0,1328.0,73.0,0.02691,2245692.0,,,48287191000000.0,,557800751397.94
2024-05-31,3086.8134,,,,,,3023581.0,,,,,27607281600.0,-4.8644,54099692433423.0,12.14,1.14,0.08799,0.0067,1253.0,822.0,122.0,0.02638,2936129.0,,,48011934000000.0,,414445997447.3
2024-06-30,2967.4028,,,,-1.4,,,,,,1.7286002745,31520143200.0,21.5504,53004902185016.0,11.88,1.11,0.08806,0.0072,1244.0,863.0,83.0,0.02871,,,,46149975000000.0,,390078808195.08
2024-07-31,2938.7493,,,4.6,-0.8,,,,,-0.2,,41272341700.0,59.4497,52327705388382.0,11.72,1.1,0.08809,0.0097,2077.0,119.0,15.0,0.02781,2169719.0,,,45733258000000.0,,485027792180.34
2024-08-31,2842.2142,,,,-0.8,,,,,,,39751697500.0,19.1082,51026828600976.0,11.27,1.07,0.08926,0.0092,1890.0,294.0,39.0,0.02882,,,,44236033000000.0,,492745828554.63
2024-09-30,3336.4974,,,,-1.8,,,,53.0,,2.3156812679,110233791700.0,248.9688,58698746196084.0,13.04,1.25,0.08885,0.0238,2226.0,0.0,4.0,0.0253,3214892.0,,,51954413000000.0,,1425979640830.74
2024-10-31,3279.8244,,,4.7,,,,,50.1,,,78464909400.0,13.5866,56430870210984.0,12.21,1.2,0.08969,0.018,1519.0,662.0,51.0,0.02645,,,,51145911000000.0,,1353782027893.15
