Date,GOLD,GDPC1,CPALTT01USM657N,WM2NS,UNRATE,SP500,NASDAQ,VIX,OIL,DXY,1YBOND_US,5YBOND_US,10YBOND_US,30YBOND_US,FEDFUNDS,INDPRO,A032RC1A027NBEA,XTIMVA01USQ188S,CHNXTEXVA01STSAQ,GFDEBTN,TRESEGUSM052N,PPIACO,XTNTVA01USM664S
2000-08-31,278.29998779296875,14145.312,0.0,4794.7,4.1,1517.6800537109375,4206.35009765625,16.84000015258789,33.099998474121094,112.5999984741211,6.110000133514404,5.974999904632568,5.729000091552734,5.673999786376953,6.5,92.591,8873.97,12.149834781669,20.703733812226,5674179.0,54286.7134670839,132.9,-35902000000.0
2000-09-30,273.6000061035156,14145.312,0.5208333333333119,4804.5,3.9,1436.510009765625,3672.820068359375,20.56999969482422,30.86000061035156,113.25,6.03000020980835,5.833000183105469,5.777999877929688,5.86899995803833,6.52,92.9827,8873.97,12.149834781669,20.703733812226,5674179.0,55210.2575200845,134.7,-38834000000.0
2000-10-31,264.8999938964844,14229.765,0.1727115716753109,4831.0,3.9,1429.4000244140625,3369.6298828125,23.6299991607666,32.689998626708984,116.6500015258789,6.150000095367432,5.813000202178955,5.756999969482422,5.783999919891357,6.51,92.64,8873.97,12.024902105686,17.9327025982137,5662216.0,54211.5050254097,135.4,-39211000000.0
2000-11-30,270.1000061035156,14229.765,0.0574712643678088,4886.4,3.9,1314.949951171875,2597.929931640625,29.649999618530277,33.79999923706055,115.23999786376952,6.010000228881836,5.39300012588501,5.439000129699707,5.585999965667725,6.51,92.6604,8873.97,12.024902105686,17.9327025982137,5662216.0,54476.4334592059,135.0,-37302000000.0
2000-12-31,272.0,14229.765,-0.0574382538770748,4958.7,3.9,1320.280029296875,2470.52001953125,26.850000381469727,26.799999237060547,109.55999755859376,5.730000019073486,4.980999946594238,5.110000133514404,5.459000110626221,6.4,92.3457,8873.97,12.024902105686,17.9327025982137,5662216.0,56600.3776527229,136.2,-37857000000.0
2001-01-31,265.6000061035156,14183.12,0.632183908045972,4933.1,4.2,1366.010009765625,2772.72998046875,22.020000457763672,28.700000762939453,110.5199966430664,4.840000152587891,4.8379998207092285,5.178999900817871,5.535999774932861,5.98,91.8908,9149.514,11.7542010295666,23.2236091199529,5773740.0,56496.0226632976,140.0,-39601000000.0
2001-02-28,266.79998779296875,14183.12,0.39977155910909,5014.2,4.2,1239.93994140625,2151.830078125,28.350000381469727,27.420000076293945,112.01000213623048,4.71999979019165,4.650000095367432,4.9079999923706055,5.336999893188477,5.49,91.2851,9149.514,11.7542010295666,23.2236091199529,5773740.0,55439.543271363,137.4,-34236000000.0
2001-03-31,257.8999938964844,14183.12,0.2275312855517489,5090.5,4.3,1160.3299560546875,1840.260009765625,28.63999938964844,26.399999618530277,117.37000274658205,4.179999828338623,4.544000148773193,4.914999961853027,5.453000068664551,5.31,91.0585,9149.514,11.7542010295666,23.2236091199529,5773740.0,53175.3270620153,135.9,-37503000000.0
2001-04-30,264.0,14271.694,0.3972758229285,5105.5,4.4,1249.4599609375,2116.239990234375,25.479999542236328,28.459999084472656,115.8499984741211,3.829999923706055,4.888000011444092,5.3379998207092285,5.771999835968018,4.8,90.7384,9149.514,10.8799698084725,20.3677132295778,5726815.0,53684.8892419042,136.4,-35359000000.0
2001-05-31,265.29998779296875,14271.694,0.4522328999434579,5095.0,4.3,1255.8199462890625,2110.489990234375,22.63999938964844,28.3700008392334,119.06999969482422,3.539999961853028,4.940999984741211,5.413000106811523,5.77899980545044,4.21,90.2607,9149.514,10.8799698084725,20.3677132295778,5726815.0,54209.3800544637,136.8,-31378000000.0
2001-06-30,270.6000061035156,14271.694,0.16882386043895,5130.1,4.5,1224.3800048828125,2160.5400390625,19.059999465942383,26.25,119.43000030517578,3.559999942779541,4.929999828338623,5.389999866485596,5.736000061035156,3.97,89.7811,9149.514,10.8799698084725,20.3677132295778,5726815.0,53803.2947968574,135.5,-33876000000.0
2001-07-31,266.20001220703125,14214.516,-0.2808988764044881,5175.8,4.6,1211.22998046875,2027.1300048828125,21.6200008392334,26.350000381469727,117.18000030517578,3.440000057220459,4.50600004196167,5.037000179290772,5.501999855041504,3.77,89.2352,9149.514,10.4625581004754,19.5194035209706,5807464.0,54692.0589139364,133.4,-34382000000.0
2001-08-31,274.3999938964844,14214.516,0.0,5212.9,4.9,1133.5799560546875,1805.4300537109373,24.920000076293945,27.200000762939453,113.41999816894533,3.2799999713897705,4.355999946594238,4.815999984741211,5.368000030517578,3.65,89.157,9149.514,10.4625581004754,19.5194035209706,5807464.0,56808.392776749,133.4,-32921000000.0
2001-09-30,292.3999938964844,14214.516,0.450704225352114,5325.3,5.0,1040.93994140625,1498.800048828125,31.93000030517578,23.43000030517578,113.4800033569336,2.299999952316284,3.7699999809265137,4.574999809265137,5.414999961853027,3.07,88.6749,9149.514,10.4625581004754,19.5194035209706,5807464.0,59902.163523634,133.3,-34582000000.0
2001-10-31,279.5,14253.574,-0.33651149747618,5303.1,5.3,1059.780029296875,1690.199951171875,33.560001373291016,21.18000030517578,114.86000061035156,2.009999990463257,3.50600004196167,4.263000011444092,4.873000144958496,2.49,88.4051,9149.514,10.0493927797709,17.6358962570337,5943439.0,58661.702745052,130.3,-34335000000.0
2001-11-30,273.8999938964844,14253.574,-0.168823860438935,5390.1,5.5,1139.449951171875,1930.5799560546875,23.84000015258789,19.440000534057617,116.12999725341795,1.7300000190734863,4.054999828338623,4.74399995803833,5.264999866485596,2.09,87.886,9149.514,10.0493927797709,17.6358962570337,5943439.0,58112.2735753146,129.8,-33268000000.0
2001-12-31,278.70001220703125,14253.574,-0.394588500563707,5481.0,5.7,1148.0799560546875,1950.4000244140625,23.799999237060547,19.84000015258789,116.75,1.6699999570846558,4.333000183105469,5.0320000648498535,5.478000164031982,1.82,87.8518,9149.514,10.0493927797709,17.6358962570337,5943439.0,57633.6770279848,128.1,-30458000000.000004
2002-01-31,282.1000061035156,14372.785,0.2263723825693279,5408.1,5.7,1130.199951171875,1934.030029296875,21.09000015258789,19.479999542236328,120.23999786376952,1.7200000286102295,4.36899995803833,5.025000095367432,5.426000118255615,1.73,88.4634,9398.59,10.1054017712246,23.1710422160844,6006032.0,56487.8491153549,128.5,-33504000000.0
2002-02-28,296.70001220703125,14372.785,0.395256916996071,5468.2,5.7,1106.72998046875,1731.489990234375,21.59000015258789,21.850000381469727,119.16000366210938,1.7200000286102295,4.177999973297119,4.859000205993652,5.408999919891357,1.74,88.4578,9398.59,10.1054017712246,23.1710422160844,6006032.0,56313.0135622724,128.4,-35821999999.99999
2002-03-31,302.6000061035156,14372.785,0.562429696287966,5492.9,5.7,1147.3900146484375,1845.3499755859373,17.399999618530273,26.229999542236328,118.62000274658205,1.7400000095367432,4.808000087738037,5.406000137329102,5.815000057220459,1.73,89.1265,9398.59,10.1054017712246,23.1710422160844,6006032.0,56529.3855477872,129.8,-35522000000.0
2002-04-30,308.8999938964844,14460.848,0.559284116331084,5469.5,5.9,1076.9200439453125,1688.22998046875,21.90999984741211,27.290000915527344,115.19000244140624,1.7300000190734863,4.413000106811523,5.091000080108643,5.593999862670898,1.75,89.5507,9398.59,10.6623583462075,21.9814661062587,6126469.0,56800.0116806495,130.8,-38014000000.0
2002-05-31,326.5,14460.848,0.0,5491.3,5.8,1067.1400146484375,1615.72998046875,19.979999542236328,25.350000381469727,111.80999755859376,1.7050000429153442,4.359000205993652,5.043000221252441,5.611999988555908,1.75,89.9348,9398.59,10.6623583462075,21.9814661062587,6126469.0,58534.7188480094,130.8,-38213000000.0
2002-06-30,313.5,14460.848,0.0556173526140231,5515.6,5.8,989.8200073242188,1463.2099609375,25.399999618530277,26.86000061035156,106.11000061035156,1.659000039100647,4.058000087738037,4.823999881744385,5.517000198364258,1.75,90.6736,9398.59,10.6623583462075,21.9814661062587,6126469.0,63652.2545631618,130.9,-39076000000.0
2002-07-31,303.20001220703125,14519.633,0.111172873818774,5572.8,5.8,911.6199951171876,1328.260009765625,32.029998779296875,27.020000457763672,107.41000366210938,1.6649999618530271,3.4579999446868896,4.465000152587891,5.304999828338623,1.73,90.6436,9398.59,10.789545558829,22.6595289249503,6228236.0,63709.2907123293,131.2,-38068000000.00001
2002-08-31,312.3999938964844,14519.633,0.333148250971684,5602.3,5.7,916.0700073242188,1314.8499755859375,32.63999938964844,28.979999542236328,106.9800033569336,1.6449999809265137,3.2079999446868896,4.13700008392334,4.936999797821045,1.74,90.5505,9398.59,10.789545558829,22.6595289249503,6228236.0,64535.6036788054,131.5,-40548000000.0
2002-09-30,323.8999938964844,14519.633,0.16602102933039,5624.7,5.7,815.280029296875,1172.06005859375,39.68999862670898,30.46999931335449,106.87000274658205,1.5269999504089355,2.578000068664551,3.607000112533569,4.662000179290772,1.75,90.6373,9398.59,10.789545558829,22.6595289249503,6228236.0,64818.0494330273,132.3,-40725000000.0
2002-10-31,318.0,14537.58,0.165745856353599,5674.5,5.7,885.760009765625,1329.75,31.13999938964844,27.21999931335449,106.63999938964844,1.4170000553131104,2.743000030517578,3.91100001335144,5.006999969482422,1.75,90.3988,9398.59,10.9367384858725,20.8754750538934,6405707.0,64457.6894741085,133.2,-38794000000.00001
2002-11-30,316.79998779296875,14537.58,0.0,5736.4,5.9,936.3099975585938,1478.780029296875,27.5,26.88999938964844,106.41000366210938,1.2020000219345093,3.260999917984009,4.2129998207092285,5.047999858856201,1.34,90.8947,9398.59,10.9367384858725,20.8754750538934,6405707.0,64629.5174983415,133.1,-43305000000.0
2002-12-31,347.6000061035156,14537.58,-0.220628792057364,5804.0,6.0,879.8200073242188,1335.510009765625,28.6200008392334,31.200000762939453,101.8499984741211,1.1820000410079956,2.7300000190734863,3.818000078201294,4.7829999923706055,1.24,90.3906,9398.59,10.9367384858725,20.8754750538934,6405707.0,67962.4149142412,132.9,-46671000000.00001
2003-01-31,368.2999877929688,14614.141,0.442233278054161,5756.0,5.8,855.7000122070312,1320.9100341796875,31.170000076293945,33.5099983215332,99.91000366210938,1.1480000019073486,2.9570000171661377,3.974999904632568,4.8470001220703125,1.24,91.1369,9820.043,11.0735431817549,27.1563130158399,6460776.0,67391.1483031365,135.3,-44216000000.0
2003-02-28,350.20001220703125,14614.141,0.770500825536602,5807.7,5.9,841.1500244140625,1337.52001953125,29.6299991607666,36.59999847412109,99.70999908447266,1.1749999523162842,2.6659998893737797,3.696000099182129,4.676000118255615,1.26,91.2505,9820.043,11.0735431817549,27.1563130158399,6460776.0,67536.858584579,137.6,-42873000000.00001
2003-03-31,335.8999938964844,14614.141,0.600764609502999,5891.1,5.9,848.1799926757812,1341.1700439453125,29.149999618530277,31.040000915527344,99.05999755859376,1.090000033378601,2.73799991607666,3.822999954223633,4.836999893188477,1.25,91.0006,9820.043,11.0735431817549,27.1563130158399,6460776.0,69006.2667350262,141.2,-46263000000.00001
2003-04-30,339.1000061035156,14743.567,-0.2171552660151869,5897.3,6.0,916.9199829101562,1464.31005859375,21.209999084472656,25.799999237060547,97.19000244140624,1.10099995136261,2.7679998874664307,3.857000112533569,4.777999877929688,1.26,90.4311,9820.043,10.9322865866756,26.4966496481275,6670121.0,69361.7726423959,136.8,-44602000000.0
2003-05-31,364.5,14743.567,-0.163220892274219,5915.5,6.1,963.5900268554688,1595.9100341796875,19.46999931335449,29.559999465942383,93.2699966430664,1.0850000381469729,2.2709999084472656,3.3499999046325684,4.361999988555908,1.26,90.4,9820.043,10.9322865866756,26.4966496481275,6670121.0,71242.7798843233,136.7,-44299000000.0
2003-06-30,346.0,14743.567,0.108991825613079,5990.8,6.3,974.5,1622.800048828125,19.520000457763672,30.190000534057617,94.7300033569336,0.8379999995231628,2.4230000972747803,3.5280001163482666,4.565999984741211,1.22,90.5196,9820.043,10.9322865866756,26.4966496481275,6670121.0,70616.5609134555,138.0,-42816000000.0
2003-07-31,354.0,14988.782,0.1088731627653789,6004.6,6.2,990.3099975585938,1735.02001953125,19.489999771118164,30.540000915527344,96.88999938964844,0.9269999861717224,3.2909998893737797,4.473999977111816,5.409999847412109,1.01,90.9869,9820.043,10.8170468092413,26.1260515811749,6783320.0,69571.9421652614,137.7,-44386000000.0
2003-08-31,375.7000122070313,14988.782,0.380641653072316,6047.5,6.1,1008.010009765625,1810.449951171875,18.6299991607666,31.56999969482422,98.0999984741211,0.959999978542328,3.447000026702881,4.453999996185303,5.223999977111816,1.03,90.7933,9820.043,10.8170468092413,26.1260515811749,6783320.0,69379.5072042551,138.0,-42820000000.0
2003-09-30,385.3999938964844,14988.782,0.3250270855904669,6008.2,6.1,995.969970703125,1786.93994140625,22.71999931335449,29.200000762939453,92.8499984741211,0.9259999990463256,2.822999954223633,3.937000036239624,4.883999824523926,1.01,91.3819,9820.043,10.8170468092413,26.1260515811749,6783320.0,73389.0910082801,138.5,-44680000000.0
2003-10-31,384.5,15162.76,-0.107991360691145,6019.3,6.0,1050.7099609375,1932.2099609375,16.100000381469727,29.11000061035156,92.7300033569336,0.9319999814033508,3.246999979019165,4.301000118255615,5.144999980926514,1.01,91.5049,9820.043,11.0700823649955,25.6684798763665,6997964.0,73107.4374362513,139.3,-44837000000.0
2003-11-30,396.7999877929688,15162.76,-0.2702702702702639,6052.0,5.8,1058.199951171875,1960.260009765625,16.31999969482422,30.40999984741211,90.20999908447266,0.9079999923706056,3.3510000705718994,4.320000171661377,5.125999927520752,1.0,92.1265,9820.043,11.0700823649955,25.6684798763665,6997964.0,74328.2281101673,138.9,-43077000000.0
2003-12-31,415.7000122070313,15162.76,-0.108401084010841,6091.8,5.7,1111.9200439453125,2003.3699951171875,18.309999465942383,32.52000045776367,86.91999816894531,0.9070000052452089,3.2179999351501465,4.256999969482422,5.067999839782715,0.98,92.1732,9820.043,11.0700823649955,25.6684798763665,6997964.0,74894.0679784821,139.5,-47481000000.0
2004-01-31,402.2000122070313,15248.68,0.48833423765599,6015.6,5.7,1131.1300048828125,2066.14990234375,16.6299991607666,33.04999923706055,87.19999694824219,0.8970000147819519,3.150000095367432,4.138000011444092,4.965000152587891,1.0,92.3268,10500.17,11.5250229233207,31.1326855372757,7131068.0,74211.7366581133,141.4,-48196999999.99999
2004-02-29,396.3999938964844,15248.68,0.5399568034557121,6089.4,5.6,1144.93994140625,2029.8199462890625,14.550000190734863,36.15999984741211,87.30999755859375,0.9269999861717224,2.944999933242798,3.983999967575073,4.85699987411499,1.01,92.8995,10500.17,11.5250229233207,31.1326855372757,7131068.0,73696.4274687864,142.1,-48124500000.0
2004-03-31,427.2999877929688,15248.68,0.644468313641263,6175.1,5.8,1126.2099609375,1994.219970703125,16.739999771118164,35.7599983215332,87.61000061035156,0.9229999780654908,2.7809998989105225,3.836999893188477,4.776999950408936,1.0,92.5368,10500.17,11.5250229233207,31.1326855372757,7131068.0,74146.6346117723,143.1,-50806999999.99999
2004-04-30,387.0,15366.85,0.320170757737461,6199.2,5.6,1107.300048828125,1920.1500244140625,17.190000534057617,37.380001068115234,90.4800033569336,0.9520000219345092,3.611999988555908,4.500999927520752,5.2820000648498535,1.0,92.8957,10500.17,12.0060613490753,30.5157315142197,7274335.0,71045.2349375944,144.8,-51472100000.0
2004-05-31,394.0,15366.85,0.585106382978719,6249.9,5.6,1120.6800537109375,1986.739990234375,15.5,39.880001068115234,88.94999694824219,1.0520000457763672,3.799999952316284,4.65500020980835,5.3480000495910645,1.0,93.5845,10500.17,12.0060613490753,30.5157315142197,7274335.0,71758.631154511,146.8,-51993600000.0
2004-06-30,392.6000061035156,15366.85,0.317292437863566,6237.7,5.6,1140.8399658203125,2047.7900390625,14.34000015258789,37.04999923706055,88.80000305175781,1.3029999732971191,3.808000087738037,4.617000102996826,5.313000202178955,1.03,92.8651,10500.17,12.0060613490753,30.5157315142197,7274335.0,71608.0788218054,147.2,-57976600000.0
2004-07-31,391.0,15512.619,-0.158144438587237,6247.5,5.5,1101.719970703125,1887.3599853515625,15.31999969482422,43.79999923706055,89.95999908447266,1.4119999408721924,3.690000057220459,4.474999904632568,5.204999923706055,1.26,93.5502,10500.17,12.0794385706915,29.7298743947463,7379053.0,70330.7755184198,147.4,-55333200000.0
2004-08-31,410.3999938964844,15512.619,0.0527983104540587,6275.7,5.4,1104.239990234375,1838.0999755859373,15.289999961853027,42.119998931884766,88.94000244140625,1.5679999589920044,3.3239998817443848,4.131999969482422,4.938000202178955,1.43,93.6301,10500.17,12.0794385706915,29.7298743947463,7379053.0,71559.3129229397,148.0,-56092300000.0
2004-09-30,418.7000122070313,15512.619,0.211081794195252,6300.0,5.4,1114.5799560546875,1896.8399658203125,13.34000015258789,49.63999938964844,87.36000061035156,1.6740000247955322,3.369999885559082,4.11899995803833,4.890999794006348,1.61,93.7353,10500.17,12.0794385706915,29.7298743947463,7379053.0,71534.8282348577,147.7,-54807700000.0
2004-10-31,428.5,15670.88,0.526592943654557,6332.3,5.5,1130.199951171875,1974.989990234375,16.270000457763672,51.7599983215332,84.91000366210938,1.8669999837875368,3.289999961853028,4.02899980545044,4.794000148773193,1.76,94.5695,10500.17,12.4844039544627,29.5419324749023,7596143.0,73188.4710420458,150.0,-58642400000.0
2004-11-30,451.2999877929688,15670.88,0.0523834468308086,6404.3,5.4,1173.8199462890625,2096.81005859375,13.239999771118164,49.130001068115234,81.81999969482422,2.181999921798706,3.700999975204468,4.357999801635742,5.01200008392334,1.93,94.8015,10500.17,12.4844039544627,29.5419324749023,7596143.0,75658.6684541883,151.4,-62583500000.0
2004-12-31,437.5,15670.88,-0.366492146596853,6457.6,5.4,1211.9200439453125,2175.43994140625,13.289999961853027,43.45000076293945,80.8499984741211,2.181999921798706,3.607000112533569,4.216000080108643,4.822000026702881,2.16,95.5415,10500.17,12.4844039544627,29.5419324749023,7596143.0,75889.985333445,150.2,-58798600000.0
2005-01-31,421.7999877929688,15844.727,0.2101944298475959,6351.1,5.3,1181.27001953125,2062.409912109375,12.81999969482422,48.20000076293945,83.5999984741211,2.421999931335449,3.694000005722046,4.132999897003174,4.590000152587891,2.28,95.8785,11199.942,12.465860011282,36.0123050426585,7776939.0,70324.2068914644,150.9,-60396000000.0
2005-02-28,436.5,15844.727,0.576822233875206,6413.5,5.4,1203.5999755859375,2051.719970703125,12.079999923706056,51.75,82.51000213623047,2.690000057220459,3.994999885559082,4.359000205993652,4.705999851226807,2.5,96.5709,11199.942,12.465860011282,36.0123050426585,7776939.0,69126.5109872119,151.6,-62736200000.0
2005-03-31,428.7000122070313,15844.727,0.782064650677772,6470.1,5.2,1180.5899658203125,1999.22998046875,14.020000457763672,55.400001525878906,84.05999755859375,2.7219998836517334,4.173999786376953,4.495999813079834,4.765999794006348,2.63,96.4345,11199.942,12.465860011282,36.0123050426585,7776939.0,67901.0935200986,153.7,-58108700000.0
2005-04-30,435.0,15922.782,0.672529746508014,6467.8,5.2,1156.8499755859375,1921.6500244140625,15.3100004196167,49.720001220703125,84.43000030517578,2.836999893188477,3.8959999084472656,4.201000213623047,4.519000053405762,2.79,96.6347,11199.942,12.7035185336513,34.5332568811036,7836496.0,68484.1783310088,155.0,-61638800000.0
2005-05-31,416.2999877929688,15922.782,-0.1027749229187949,6444.7,5.1,1191.5,2068.219970703125,13.289999961853027,51.970001220703125,87.76000213623047,2.881999969482422,3.753000020980835,4.00600004196167,4.3470001220703125,3.0,96.7251,11199.942,12.7035185336513,34.5332568811036,7836496.0,66701.2956958394,154.3,-60591100000.0
2005-06-30,435.8999938964844,15922.782,0.0514403292181004,6487.1,5.0,1191.3299560546875,2056.9599609375,12.039999961853027,56.5,89.11000061035156,3.059999942779541,3.724999904632568,3.944999933242798,4.218999862670898,3.04,97.1483,11199.942,12.7035185336513,34.5332568811036,7836496.0,65552.4963785722,154.3,-62663900000.0
2005-07-31,429.8999938964844,16047.587,0.462724935732656,6503.3,5.0,1234.1800537109375,2184.830078125,11.56999969482422,60.56999969482422,89.3499984741211,3.3320000171661377,4.125,4.285999774932861,4.473999977111816,3.26,96.8397,11199.942,12.8001660548922,32.8427126167541,7932710.0,63579.3344975807,156.3,-62734600000.0
2005-08-31,433.7999877929688,16047.587,0.5117707267144339,6527.2,4.9,1220.3299560546875,2152.090087890625,12.600000381469728,68.94000244140625,87.58000183105469,3.430000066757202,3.86899995803833,4.019999980926514,4.261000156402588,3.5,97.1584,11199.942,12.8001660548922,32.8427126167541,7932710.0,61202.3507499798,157.6,-62974300000.0
2005-09-30,469.0,16047.587,1.22199592668025,6550.2,5.0,1228.81005859375,2151.68994140625,11.920000076293944,66.23999786376953,89.5199966430664,3.470000028610229,4.195000171661377,4.328000068664551,4.567999839782715,3.62,95.2764,11199.942,12.8001660548922,32.8427126167541,7932710.0,60232.3019266462,162.2,-69730500000.0
2005-10-31,465.1000061035156,16136.734,0.201207243460752,6593.2,5.0,1207.010009765625,2120.300048828125,15.31999969482422,59.7599983215332,90.06999969482422,3.805000066757202,4.447000026702881,4.559000015258789,4.755000114440918,3.78,96.4411,11199.942,13.346838580376,30.6144838413219,8170413.0,59177.4200104167,166.2,-72439800000.0
2005-11-30,494.6000061035156,16136.734,-0.8032128514056259,6648.1,5.0,1249.47998046875,2232.820068359375,12.0600004196167,57.31999969482422,91.56999969482422,3.857000112533569,4.425000190734863,4.5,4.703000068664551,4.0,97.5016,11199.942,13.346838580376,30.6144838413219,8170413.0,57732.0819706519,163.7,-68905500000.0
2005-12-31,517.0999755859375,16136.734,-0.40485829959513,6716.4,4.9,1248.2900390625,2205.320068359375,12.06999969482422,61.040000915527344,91.16999816894533,3.984999895095825,4.355000019073486,4.394999980926514,4.546999931335449,4.16,97.9723,11199.942,13.346838580376,30.6144838413219,8170413.0,54083.7158018481,163.0,-69454800000.0
2006-01-31,570.7999877929688,16353.835,0.762195121951216,6645.5,4.7,1280.0799560546875,2305.820068359375,12.949999809265137,67.91999816894531,88.95999908447266,4.369999885559082,4.4629998207092285,4.526999950408936,4.684999942779541,4.29,98.127,11947.67,13.3029981263549,37.8526627018578,8371156.0,54549.6131175617,164.3,-72363999999.99998
2006-02-28,561.5999755859375,16353.835,0.20171457387795,6741.7,4.8,1280.6600341796875,2281.389892578125,12.34000015258789,61.40999984741211,90.11000061035156,4.506999969482422,4.60099983215332,4.546999931335449,4.502999782562256,4.49,98.1687,11947.67,13.3029981263549,37.8526627018578,8371156.0,54320.6366319326,161.8,-67061000000.00001
2006-03-31,581.7999877929688,16353.835,0.55359838953198,6787.3,4.7,1294.8699951171875,2339.7900390625,11.390000343322754,66.62999725341797,89.7300033569336,4.514999866485596,4.814000129699707,4.853000164031982,4.89300012588501,4.59,98.3913,11947.67,13.3029981263549,37.8526627018578,8371156.0,54310.8227706937,162.2,-67459999999.99999
2006-04-30,651.7999877929688,16396.151,0.8508508508508341,6844.2,4.7,1310.6099853515625,2322.570068359375,11.59000015258789,71.87999725341797,86.11000061035156,4.650000095367432,4.920000076293945,5.068999767303467,5.169000148773193,4.79,98.6826,11947.67,13.4236536298161,35.3893504501201,8420042.0,55805.220977215,164.3,-68090000000.0
2006-05-31,642.5,16396.151,0.496277915632743,6787.2,4.6,1270.0899658203125,2178.8798828125,16.440000534057617,71.29000091552734,84.72000122070312,4.715000152587891,5.03000020980835,5.11299991607666,5.206999778747559,4.94,98.7074,11947.67,13.4236536298161,35.3893504501201,8420042.0,56049.3143999032,165.8,-70403000000.0
2006-06-30,613.5,16396.151,0.1975308641975319,6829.8,4.6,1270.199951171875,2172.090087890625,13.079999923706056,73.9800033569336,85.22000122070312,4.860000133514404,5.0980000495910645,5.138000011444092,5.185999870300293,4.99,99.0398,11947.67,13.4236536298161,35.3893504501201,8420042.0,56892.914222162,166.1,-68847000000.0
2006-07-31,634.2000122070312,16420.738,0.295712173484489,6840.3,4.7,1276.6600341796875,2091.469970703125,14.949999809265137,74.4000015258789,85.30000305175781,4.934999942779541,4.90500020980835,4.98799991607666,5.070000171661377,5.24,98.9751,11947.67,13.6691153717599,35.4220514216975,8506974.0,56517.7338298679,166.8,-71904000000.0
2006-08-31,625.9000244140625,16420.738,0.196560196560197,6876.4,4.7,1303.8199462890625,2183.75,12.3100004196167,70.26000213623047,85.05000305175781,4.90500020980835,4.691999912261963,4.73199987411499,4.877999782562256,5.25,99.4047,11947.67,13.6691153717599,35.4220514216975,8506974.0,55564.7420144941,167.9,-73123000000.0
2006-09-30,598.5999755859375,16420.738,-0.490436488474757,6882.7,4.5,1335.8499755859375,2258.429931640625,11.979999542236328,62.90999984741211,85.97000122070312,4.760000228881836,4.586999893188477,4.632999897003174,4.767000198364258,5.25,99.2246,11947.67,13.6691153717599,35.4220514216975,8506974.0,55175.9590330584,165.4,-70403000000.0
2006-10-31,604.0999755859375,16561.866,-0.542138984721521,6941.3,4.4,1377.93994140625,2366.7099609375,11.100000381469728,58.72999954223633,85.31999969482422,4.940000057220459,4.567999839782715,4.605999946594238,4.718999862670898,5.25,99.1229,11947.67,13.2804446863007,32.6255076720707,8680224.0,54547.3746564817,162.2,-65146999999.99999
2006-11-30,646.9000244140625,16561.866,-0.148662041625379,7041.6,4.5,1400.6300048828125,2431.77001953125,10.90999984741211,63.130001068115234,82.91999816894531,4.889999866485596,4.441999912261963,4.458000183105469,4.560999870300293,5.25,99.0963,11947.67,13.2804446863007,32.6255076720707,8680224.0,55663.8869794023,164.6,-64840000000.0
2006-12-31,635.2000122070312,16561.866,0.148883374689833,7119.7,4.4,1418.300048828125,2415.2900390625,11.5600004196167,61.04999923706055,83.72000122070312,4.885000228881836,4.701000213623047,4.710000038146973,4.817999839782715,5.24,100.1125,11947.67,13.2804446863007,32.6255076720707,8680224.0,54853.8747609669,165.6,-68328000000.0
2007-01-31,652.0,16611.69,0.305252725470763,7039.0,4.6,1438.239990234375,2463.929931640625,10.420000076293944,58.13999938964844,84.61000061035156,4.974999904632568,4.818999767303467,4.826000213623047,4.926000118255615,5.25,99.7546,12304.846,13.3065450185855,39.0659589843191,8849665.0,54022.3047083398,164.0,-65153000000.00001
2007-02-28,669.4000244140625,16611.69,0.5350367559876621,7124.7,4.5,1406.8199462890625,2416.14990234375,15.420000076293944,61.790000915527344,83.56999969482422,4.994999885559082,4.502999782562256,4.550000190734863,4.669000148773193,5.26,100.7166,12304.846,13.3065450185855,39.0659589843191,8849665.0,55040.5644475456,166.8,-66166000000.0
2007-03-31,663.0,16611.69,0.910569585108543,7220.1,4.4,1420.8599853515625,2421.639892578125,14.640000343322754,65.87000274658203,82.93000030517578,4.894999980926514,4.537000179290772,4.6479997634887695,4.8480000495910645,5.26,100.8952,12304.846,13.3065450185855,39.0659589843191,8849665.0,55509.5694658799,169.3,-68929000000.0
2007-04-30,680.5,16713.314,0.6496162686508891,7216.5,4.5,1482.3699951171875,2525.090087890625,14.220000267028809,65.70999908447266,81.44999694824219,4.724999904632568,4.515999794006348,4.630000114440918,4.816999912261963,5.25,101.5723,12304.846,13.438112628438,35.2466124040812,8867677.0,55678.481519007,171.4,-67081999999.99999
2007-05-31,661.0,16713.314,0.61107186747047,7227.5,4.4,1530.6199951171875,2604.52001953125,13.050000190734863,64.01000213623047,82.30000305175781,4.590000152587891,4.853000164031982,4.889999866485596,5.011000156402588,5.25,101.6269,12304.846,13.438112628438,35.2466124040812,8867677.0,54966.4435064669,173.3,-66720000000.0
2007-06-30,648.0999755859375,16713.314,0.193797517660565,7253.1,4.6,1503.3499755859375,2603.22998046875,16.229999542236328,70.68000030517578,81.91999816894531,4.670000076293945,4.935999870300293,5.0329999923706055,5.125999927520752,5.25,101.6547,12304.846,13.438112628438,35.2466124040812,8867677.0,55085.9909499962,173.8,-67793000000.00001
2007-07-31,666.9000244140625,16809.587,-0.0254377207802054,7261.1,4.7,1455.27001953125,2546.27001953125,23.520000457763672,78.20999908447266,80.7699966430664,4.809999942779541,4.602000236511231,4.770999908447266,4.921999931335449,5.26,101.4953,12304.846,13.5128274511939,34.0866120206706,9007653.0,55988.1514580076,175.1,-67906000000.00001
2007-08-31,673.0,16809.587,-0.183390222708711,7367.2,4.6,1473.989990234375,2596.360107421875,23.3799991607666,74.04000091552734,80.79000091552734,3.990000009536743,4.250999927520752,4.537000179290772,4.830999851226807,5.02,101.6943,12304.846,13.5128274511939,34.0866120206706,9007653.0,56467.2770058051,172.4,-65891999999.99999
2007-09-30,742.7999877929688,16809.587,0.275590740535893,7331.6,4.7,1526.75,2701.5,18.0,81.66000366210938,77.72000122070312,3.700000047683716,4.229000091552734,4.578999996185303,4.833000183105469,4.94,101.9428,12304.846,13.5128274511939,34.0866120206706,9007653.0,58029.328386248,173.5,-66818000000.0
2007-10-31,792.0,16915.191,0.213919132812117,7371.1,4.7,1549.3800048828125,2859.1201171875,18.530000686645508,94.52999877929688,76.4800033569336,3.819999933242798,4.166999816894531,4.474999904632568,4.750999927520752,4.76,101.6446,12304.846,13.814719588601,30.2650470633129,9229172.0,58585.3887074256,174.7,-67358999999.99999
2007-11-30,782.2000122070312,16915.191,0.5939617873415811,7456.5,4.7,1481.1400146484375,2660.9599609375,22.8700008392334,88.70999908447266,76.1500015258789,3.069999933242798,3.4179999828338623,3.971999883651733,4.402999877929688,4.49,102.2167,12304.846,13.814719588601,30.2650470633129,9229172.0,59924.9062285563,179.0,-70804000000.0
2007-12-31,834.9000244140625,16915.191,-0.0670863129647814,7526.6,5.0,1468.3599853515625,2652.280029296875,22.5,95.9800033569336,76.69999694824219,3.140000104904175,3.4549999237060547,4.034999847412109,4.459000110626221,4.24,102.2764,12304.846,13.814719588601,30.2650470633129,9229172.0,59524.2344641401,178.6,-68143000000.0
2008-01-31,922.7000122070312,16843.003,0.4970576472604689,7483.7,5.0,1378.550048828125,2389.860107421875,26.200000762939453,91.75,75.18000030517578,1.870000004768372,2.825999975204468,3.638999938964844,4.354000091552734,3.94,102.1493,12364.913,14.4162820644804,35.8115569950617,9437594.0,60975.585383563,181.0,-70971000000.0
2008-02-29,972.0999755859376,16843.003,0.290411218495348,7604.6,4.9,1330.6300048828125,2271.47998046875,26.540000915527344,101.83999633789062,73.70999908447266,1.784999966621399,2.509000062942505,3.5339999198913574,4.421000003814697,2.98,101.7756,12364.913,14.4162820644804,35.8115569950617,9437594.0,62362.9672847254,182.7,-71984000000.0
2008-03-31,916.2000122070312,16843.003,0.866821293098967,7747.4,5.1,1322.699951171875,2279.10009765625,25.61000061035156,101.58000183105467,71.80000305175781,1.274999976158142,2.4670000076293945,3.431999921798706,4.306000232696533,2.61,101.4508,12364.913,14.4162820644804,35.8115569950617,9437594.0,64723.0757021734,187.9,-69150000000.0
2008-04-30,862.7999877929688,16943.291,0.6064778389719561,7684.6,5.0,1385.5899658203125,2412.800048828125,20.790000915527344,113.45999908447266,72.51000213623047,1.340000033378601,3.032999992370605,3.759000062942505,4.497000217437744,2.28,100.7554,12364.913,14.893505526581,32.2261600210821,9492006.0,63330.5680240449,190.9,-72393000000.0
2008-05-31,887.2999877929688,16943.291,0.8420886031756311,7708.0,5.4,1400.3800048828125,2522.659912109375,17.829999923706055,127.3499984741211,72.87999725341797,1.850000023841858,3.407000064849853,4.046000003814697,4.706999778747559,1.98,100.1336,12364.913,14.893505526581,32.2261600210821,9492006.0,64128.9355602446,196.6,-72939000000.0
2008-06-30,926.2000122070312,16943.291,1.0076996934894,7713.5,5.6,1280.0,2292.97998046875,23.950000762939453,140.0,72.45999908447266,1.7050000429153442,3.3410000801086426,3.9790000915527344,4.531000137329102,2.0,99.8728,12364.913,14.893505526581,32.2261600210821,9492006.0,64698.6256725394,200.5,-71179000000.0
2008-07-31,913.9000244140624,16854.295,0.525101112812213,7722.1,5.8,1267.3800048828125,2325.550048828125,22.940000534057617,124.08000183105467,73.2300033569336,1.6349999904632568,3.2660000324249268,3.9790000915527344,4.603000164031982,2.01,99.4194,12364.913,14.938668027295,31.7997424324814,10024725.0,63790.8117484452,205.5,-76025000000.0
2008-08-31,829.2999877929688,16854.295,-0.3991562255641739,7725.3,6.1,1282.8299560546875,2367.52001953125,20.649999618530277,115.45999908447266,77.37999725341797,1.690000057220459,3.08899998664856,3.812999963760376,4.412000179290772,2.0,97.8491,12364.913,14.938668027295,31.7997424324814,10024725.0,61519.3555575452,199.0,-70042000000.0
2008-09-30,874.2000122070312,16854.295,-0.1383018540664549,7871.1,6.1,1166.3599853515625,2091.8798828125,39.38999938964844,100.63999938964844,79.44999694824219,0.8999999761581421,2.986000061035156,3.82699990272522,4.304999828338623,1.81,93.5576,12364.913,14.938668027295,31.7997424324814,10024725.0,60792.9728861262,196.9,-68661000000.0
2008-10-31,716.7999877929688,16485.35,-1.01013332845789,7902.6,6.5,968.75,1720.949951171875,59.88999938964844,67.80999755859375,85.62999725341797,0.4350000023841858,2.821000099182129,3.9700000286102295,4.36899995803833,0.97,94.4985,12364.913,12.6962312765377,25.6718406791735,10699805.0,58721.9142285751,186.4,-69061000000.0
2008-11-30,816.2000122070312,16485.35,-1.9152895328595805,8015.9,6.8,896.239990234375,1535.5699462890625,55.27999877929688,54.43000030517578,86.5199966430664,0.0199999995529651,1.944000005722046,2.9570000171661377,3.486999988555908,0.39,93.2617,12364.913,12.6962312765377,25.6718406791735,10699805.0,62337.3591639474,176.8,-52553000000.00001
2008-12-31,883.5999755859375,16485.35,-1.03424738142875,8277.7,7.3,903.25,1577.030029296875,40.0,44.59999847412109,81.30999755859375,0.1150000020861625,1.5509999990463257,2.24399995803833,2.690999984741211,0.16,90.6266,12364.913,12.6962312765377,25.6718406791735,10699805.0,66607.0060995362,170.9,-51242000000.0
2009-01-31,927.2999877929688,16298.262,0.435241737542101,8249.9,7.8,825.8800048828125,1476.4200439453125,44.84000015258789,41.68000030517578,86.0,0.2199999988079071,1.8730000257492063,2.844000101089477,3.6029999256134033,0.15,88.3712,12065.313,10.3336021545985,25.8777621708907,11126941.0,64322.5254758466,171.2,-46701000000.0
2009-02-28,941.5,16298.262,0.4972933035904749,8309.1,8.3,735.0900268554688,1377.8399658203125,46.34999847412109,44.7599983215332,88.01000213623047,0.25,2.0199999809265137,3.0409998893737797,3.721999883651733,0.22,87.843,12065.313,10.3336021545985,25.8777621708907,11126941.0,62157.7389988884,169.3,-36904000000.0
2009-03-31,922.5999755859376,16298.262,0.24317484554154,8427.7,8.7,797.8699951171875,1528.5899658203125,44.13999938964844,49.65999984741211,85.43000030517578,0.2000000029802322,1.6749999523162842,2.684999942779541,3.561000108718872,0.18,86.4689,12065.313,10.3336021545985,25.8777621708907,11126941.0,63916.5097962746,168.1,-38385000000.0
2009-04-30,890.7000122070312,16269.145,0.2496368277787989,8379.0,9.0,872.8099975585938,1717.300048828125,36.5,51.119998931884766,84.61000061035156,0.125,2.0169999599456787,3.124000072479248,4.044000148773193,0.15,85.7903,12065.313,10.0537672839803,22.7588796678638,11545275.0,64073.5328982655,169.1,-39484000000.0
2009-05-31,978.7999877929688,16269.145,0.288876383417745,8424.6,9.4,919.1400146484376,1774.3299560546875,28.920000076293945,66.30999755859375,80.43000030517578,0.1299999952316284,2.3469998836517334,3.4649999141693115,4.3379998207092285,0.18,84.9436,12065.313,10.0537672839803,22.7588796678638,11545275.0,70696.773099606,170.8,-35367000000.0
2009-06-30,927.0999755859376,16269.145,0.8589892263953359,8386.6,9.5,919.3200073242188,1835.0400390625,26.350000381469727,69.88999938964844,80.12999725341797,0.1800000071525573,2.558000087738037,3.5230000019073486,4.310999870300293,0.21,84.6746,12065.313,10.0537672839803,22.7588796678638,11545275.0,70447.5528800441,174.1,-36419000000.00001
2009-07-31,953.7000122070312,16326.281,-0.158558692215323,8384.6,9.5,987.47998046875,1978.5,25.920000076293945,69.44999694824219,78.3499984741211,0.1749999970197677,2.532999992370605,3.500999927520752,4.310999870300293,0.16,85.6853,12065.313,10.9336902329191,23.2156541147017,11909828.0,71890.2090578923,172.5,-42078999999.99999
2009-08-31,951.7000122070312,16326.281,0.224285004481049,8370.0,9.6,1020.6199951171876,2009.06005859375,26.01000022888184,69.95999908447266,78.16999816894531,0.1299999952316284,2.390000104904175,3.401000022888184,4.181000232696533,0.16,86.6393,12065.313,10.9336902329191,23.2156541147017,11909828.0,115805.009768221,175.0,-41003000000.0
2009-09-30,1008.0,16326.281,0.0625480693495817,8361.5,9.8,1057.0799560546875,2122.419921875,25.61000061035156,70.61000061035156,76.6500015258789,0.1150000020861625,2.318000078201294,3.306999921798706,4.047999858856201,0.15,87.3821,12065.313,10.9336902329191,23.2156541147017,11909828.0,123254.929620963,174.1,-44593999999.99999
2009-10-31,1039.699951171875,16502.754,0.0963101185818578,8408.8,10.0,1036.18994140625,2045.1099853515625,30.690000534057617,77.0,76.30000305175781,0.0450000017881393,2.322000026702881,3.3919999599456787,4.236000061035156,0.12,87.5809,12065.313,11.7506432386754,22.5491401789555,12311349.0,123649.037930591,175.2,-44480000000.0
2009-11-30,1181.0999755859375,16502.754,0.0707753368767079,8523.4,9.9,1095.6300048828125,2144.60009765625,24.51000022888184,77.27999877929688,74.87999725341797,0.050000000745058,2.00600004196167,3.200999975204468,4.193999767303467,0.12,87.9388,12065.313,11.7506432386754,22.5491401789555,12311349.0,123978.920154147,177.4,-48840000000.0
2009-12-31,1095.199951171875,16502.754,-0.176119816946313,8544.3,9.9,1115.0999755859375,2269.14990234375,21.68000030517578,79.36000061035156,77.86000061035156,0.050000000745058,2.686000108718872,3.8429999351501465,4.640999794006348,0.12,88.2404,12065.313,11.7506432386754,22.5491401789555,12311349.0,119718.872595853,178.1,-49327000000.0
2010-01-31,1083.0,16582.71,0.34174735701485,8432.4,9.8,1073.8699951171875,2147.35009765625,24.6200008392334,72.88999938964844,79.45999908447266,0.0700000002980232,2.3480000495910645,3.608999967575073,4.510000228881836,0.11,89.1897,12794.77,12.2268045007623,28.3438543460562,12773123.0,118919.212771275,181.9,-48506000000.0
2010-02-28,1118.300048828125,16582.71,0.024920738207648,8528.3,9.8,1104.489990234375,2238.260009765625,19.5,79.66000366210938,80.36000061035156,0.1150000020861625,2.2839999198913574,3.595000028610229,4.52899980545044,0.13,89.5046,12794.77,12.2268045007623,28.3438543460562,12773123.0,118251.701252844,181.0,-50965000000.0
2010-03-31,1113.300048828125,16582.71,0.4106283536571079,8576.6,9.9,1169.4300537109375,2397.9599609375,17.59000015258789,83.76000213623047,81.06999969482422,0.1500000059604644,2.559999942779541,3.8329999446868896,4.715000152587891,0.16,90.1356,12794.77,12.2268045007623,28.3438543460562,12773123.0,116479.700035494,183.3,-50452000000.0
2010-04-30,1180.0999755859375,16743.162,0.173688491069743,8546.2,9.9,1186.68994140625,2461.18994140625,22.049999237060547,86.1500015258789,81.87000274658203,0.1550000011920929,2.4200000762939453,3.663000106811523,4.526999950408936,0.2,90.4607,12794.77,12.6576740366429,26.7902186745452,13201792.0,115440.378936001,184.4,-51309000000.0
2010-05-31,1212.199951171875,16743.162,0.0775197354237721,8608.6,9.6,1089.4100341796875,2257.0400390625,32.06999969482422,73.97000122070312,86.4800033569336,0.1500000059604644,2.0969998836517334,3.3010001182556152,4.214000225067139,0.2,91.7014,12794.77,12.6576740366429,26.7902186745452,13201792.0,113133.342705793,184.8,-52611000000.00001
2010-06-30,1245.5,16743.162,-0.0976267084673888,8576.1,9.4,1030.7099609375,2109.239990234375,34.540000915527344,75.62999725341797,86.0199966430664,0.1700000017881393,1.7949999570846558,2.950999975204468,3.908999919891357,0.18,91.9033,12794.77,12.6576740366429,26.7902186745452,13201792.0,113472.985680973,183.5,-57708000000.0
2010-07-31,1181.699951171875,16872.266,0.0211043057371509,8555.1,9.4,1101.5999755859375,2254.699951171875,23.5,78.94999694824219,81.54000091552734,0.1400000005960464,1.5980000495910645,2.907000064849853,3.9769999980926514,0.18,92.2549,12794.77,12.8923435933848,25.848462628917,13561622.0,118086.093532154,184.1,-52418000000.0
2010-08-31,1248.300048828125,16872.266,0.138066427840807,8604.8,9.5,1049.3299560546875,2114.030029296875,26.049999237060547,71.91999816894531,83.19999694824219,0.135000005364418,1.3420000076293943,2.476999998092652,3.532999992370605,0.19,92.5936,12794.77,12.8923435933848,25.848462628917,13561622.0,117405.667540984,184.9,-57100000000.0
2010-09-30,1307.800048828125,16872.266,0.0581736230715569,8622.3,9.5,1141.199951171875,2368.6201171875,23.700000762939453,79.97000122070312,78.72000122070312,0.1550000011920929,1.281000018119812,2.5169999599456787,3.687000036239624,0.19,92.8533,12794.77,12.8923435933848,25.848462628917,13561622.0,122057.996493414,184.9,-56101000000.00001
2010-10-31,1357.0999755859375,16960.864,0.1245198888476959,8687.4,9.4,1183.260009765625,2507.409912109375,21.200000762939453,81.43000030517578,77.2699966430664,0.1099999994039535,1.1790000200271606,2.611999988555908,4.0,0.19,92.6033,12794.77,13.076478003098,23.3697002800542,14025215.0,124350.676677663,186.6,-52571999999.99999
2010-11-30,1385.0,16960.864,0.0420646423819507,8804.3,9.8,1180.550048828125,2498.22998046875,23.540000915527344,84.11000061035156,81.19999694824219,0.1599999964237213,1.4639999866485596,2.796999931335449,4.102000236511231,0.19,92.6686,12794.77,13.076478003098,23.3697002800542,14025215.0,119241.169954591,187.7,-51372000000.0
2010-12-31,1421.0999755859375,16960.864,0.1718440789203089,8896.1,9.3,1257.6400146484375,2652.8701171875,17.75,91.37999725341795,79.02999877929688,0.1150000020861625,2.0160000324249268,3.305000066757202,4.361999988555908,0.18,93.5916,12794.77,13.076478003098,23.3697002800542,14025215.0,121391.80619794,189.7,-54251000000.00001
2011-01-31,1333.800048828125,16920.632,0.4763230053974139,8812.2,9.1,1286.1199951171875,2700.080078125,19.530000686645508,92.19000244140624,77.73999786376953,0.1449999958276748,1.9520000219345093,3.378000020980835,4.571000099182129,0.17,93.3889,13387.59,13.9187391313184,28.4717910310306,14270114.0,122902.105467976,192.7,-61361000000.00001
2011-02-28,1409.300048828125,16920.632,0.493136502545162,8931.7,9.0,1327.219970703125,2782.27001953125,18.350000381469727,96.97000122070312,76.88999938964844,0.135000005364418,2.13700008392334,3.4140000343322754,4.489999771118164,0.16,93.0045,13387.59,13.9187391313184,28.4717910310306,14270114.0,123613.667626507,195.8,-58523000000.0
2011-03-31,1438.9000244140625,16920.632,0.975107203050938,9008.6,9.0,1325.8299560546875,2781.070068359375,17.739999771118164,106.72000122070312,75.86000061035156,0.0900000035762786,2.2249999046325684,3.4539999961853027,4.507999897003174,0.14,93.9684,13387.59,13.9187391313184,28.4717910310306,14270114.0,128273.515138561,199.2,-58638999999.99999
2011-04-30,1556.0,17035.114,0.643942953545699,9042.8,9.1,1363.6099853515625,2873.5400390625,14.75,113.93000030517578,72.93000030517578,0.0399999991059303,1.975000023841858,3.2960000038146973,4.406000137329102,0.1,93.6571,13387.59,14.1866139625297,25.861274675881,14343087.0,131947.527247554,203.1,-56667000000.0
2011-05-31,1535.9000244140625,17035.114,0.470418752723364,9044.0,9.0,1345.199951171875,2835.300048828125,15.449999809265137,102.6999969482422,74.63999938964844,0.0399999991059303,1.687999963760376,3.049999952316284,4.216000080108643,0.09,93.7723,13387.59,14.1866139625297,25.861274675881,14343087.0,135904.884420298,204.1,-61733000000.00001
2011-06-30,1502.300048828125,17035.114,-0.107096705669922,9141.6,9.1,1320.6400146484375,2773.52001953125,16.520000457763672,95.41999816894533,74.30000305175781,0.0149999996647238,1.753999948501587,3.157999992370605,4.381999969482422,0.09,94.0493,13387.59,14.1866139625297,25.861274675881,14343087.0,136618.762949338,203.9,-64075000000.0
2011-07-31,1628.300048828125,17031.313,0.0886045666793554,9231.7,9.0,1292.280029296875,2756.3798828125,25.25,95.6999969482422,73.9000015258789,0.0900000035762786,1.3730000257492063,2.805000066757202,4.131999969482422,0.07,94.4958,13387.59,14.2453577782777,24.7683557270243,14790340.0,138662.478884711,204.6,-60718000000.0
2011-08-31,1828.5,17031.313,0.27575889023645,9454.3,9.0,1218.8900146484375,2579.4599609375,31.6200008392334,88.80999755859375,74.12999725341797,0.0149999996647238,0.9520000219345092,2.2179999351501465,3.5920000076293945,0.1,95.0974,13387.59,14.2453577782777,24.7683557270243,14790340.0,139612.676086563,203.2,-60607000000.0
2011-09-30,1620.4000244140625,17031.313,0.151846211569461,9465.0,9.0,1131.4200439453125,2415.39990234375,42.959999084472656,79.19999694824219,78.55000305175781,0.0099999997764825,0.9649999737739564,1.924000024795532,2.9210000038146973,0.08,95.0244,13387.59,14.2453577782777,24.7683557270243,14790340.0,137445.563140641,203.7,-58309000000.0
2011-10-31,1724.199951171875,17222.583,-0.206268263335836,9544.9,8.8,1253.300048828125,2684.409912109375,29.959999084472656,93.19000244140624,76.16999816894531,0.0049999998882412,1.0110000371932983,2.174999952316284,3.1989998817443848,0.07,95.6891,13387.59,14.2589008297365,22.083309758497,15222940.0,139654.084356688,201.1,-59417000000.0
2011-11-30,1745.5,17222.583,-0.084356133044206,9633.9,8.6,1246.9599609375,2620.340087890625,27.799999237060547,100.36000061035156,78.38999938964844,0.0149999996647238,0.9520000219345092,2.068000078201294,3.062000036239624,0.08,95.6778,13387.59,14.2589008297365,22.083309758497,15222940.0,136987.265639401,201.4,-61482000000.0
2011-12-31,1565.800048828125,17222.583,-0.2466516377138169,9731.5,8.5,1257.5999755859375,2605.14990234375,23.399999618530277,98.83000183105467,80.16999816894531,0.0049999998882412,0.8299999833106995,1.871000051498413,2.888999938964844,0.07,96.1809,13387.59,14.2589008297365,22.083309758497,15222940.0,136912.226738474,199.8,-63916000000.00001
2012-01-31,1737.800048828125,17367.01,0.440019142826751,9695.3,8.3,1312.4100341796875,2813.840087890625,19.440000534057617,98.4800033569336,79.27999877929688,0.0549999997019767,0.7110000252723694,1.7990000247955322,2.934000015258789,0.08,96.7595,14064.753,14.2850199501456,26.2130174709653,15606518.0,138238.805320541,200.7,-65813000000.0
2012-02-29,1709.9000244140625,17367.01,0.4402973551276311,9793.3,8.3,1365.6800537109375,2966.889892578125,18.43000030517578,107.06999969482422,78.7300033569336,0.0750000029802322,0.875,1.9769999980926516,3.0859999656677246,0.1,97.0662,14064.753,14.2850199501456,26.2130174709653,15606518.0,137840.497908056,201.6,-59065000000.0
2012-03-31,1669.300048828125,17367.01,0.7594558623930859,9882.3,8.2,1408.469970703125,3091.570068359375,15.5,103.0199966430664,78.93000030517578,0.0649999976158142,1.0429999828338623,2.2160000801086426,3.345000028610229,0.13,96.5609,14064.753,14.2850199501456,26.2130174709653,15606518.0,138036.819025118,204.2,-65560000000.0
2012-04-30,1663.4000244140625,17444.525,0.302102950408034,9852.4,8.2,1397.9100341796875,3046.360107421875,17.149999618530273,104.87000274658205,78.79000091552734,0.0900000035762786,0.8109999895095825,1.9149999618530276,3.108999967575073,0.14,97.251,14064.753,14.1466016622946,25.0425296176409,15855037.0,141421.639632799,203.7,-63647000000.0
2012-05-31,1562.5999755859375,17444.525,-0.117347936632105,9859.2,8.2,1310.3299560546875,2827.340087890625,24.059999465942383,86.52999877929688,83.04000091552734,0.0599999986588954,0.6710000038146973,1.5809999704360962,2.671999931335449,0.16,97.4595,14064.753,14.1466016622946,25.0425296176409,15855037.0,137823.779222061,201.9,-62772000000.0
2012-06-30,1603.5,17444.525,-0.146639688445049,9903.1,8.2,1362.1600341796875,2935.050048828125,17.079999923706055,84.95999908447266,81.6500015258789,0.0799999982118606,0.7289999723434448,1.659000039100647,2.763000011444092,0.16,97.4768,14064.753,14.1466016622946,25.0425296176409,15855037.0,138789.304034737,199.8,-58941000000.0
2012-07-31,1610.5,17469.65,-0.162978586182561,9988.4,8.2,1379.3199462890625,2939.52001953125,18.93000030517578,88.05999755859375,82.63999938964844,0.1000000014901161,0.5989999771118164,1.4919999837875366,2.57699990272522,0.16,97.6714,14064.753,13.8274477204965,23.588904077018,16066240.0,138342.517155808,200.1,-59226000000.00001
2012-08-31,1684.5999755859375,17469.65,0.556515818143709,10048.6,8.1,1406.5799560546875,3066.9599609375,17.469999313354492,96.47000122070312,81.25,0.0850000008940696,0.5960000157356262,1.562000036239624,2.684000015258789,0.13,97.2734,14064.753,13.8274477204965,23.588904077018,16066240.0,140460.130321241,202.7,-60532000000.0
2012-09-30,1771.0999755859375,17469.65,0.4462212267611311,10111.1,7.8,1440.6700439453125,3116.22998046875,15.729999542236328,92.19000244140624,79.94000244140625,0.0900000035762786,0.6299999952316284,1.6369999647140503,2.8340001106262207,0.14,97.2217,14064.753,13.8274477204965,23.588904077018,16066240.0,142034.322940224,204.4,-56648999999.99999
2012-10-31,1717.5,17489.852,-0.0388925140553232,10235.5,7.8,1412.1600341796875,2977.22998046875,18.600000381469727,86.23999786376953,79.91999816894531,0.1049999967217445,0.7149999737739563,1.6859999895095823,2.8510000705718994,0.16,97.5311,14064.753,13.7660311834917,21.617846757476,16432730.0,141187.252660643,203.5,-59019000000.0
2012-11-30,1710.9000244140625,17489.852,-0.4738086694881879,10325.7,7.7,1416.1800537109375,3010.239990234375,15.869999885559082,88.91000366210938,80.1500015258789,0.0750000029802322,0.6140000224113464,1.6059999465942385,2.7939999103546143,0.16,97.9084,14064.753,13.7660311834917,21.617846757476,16432730.0,140234.45918428,201.8,-63902000000.0
2012-12-31,1674.800048828125,17489.852,-0.269306449020735,10630.8,7.9,1426.18994140625,3019.510009765625,18.020000457763672,91.81999969482422,79.7699966430664,0.0350000001490116,0.7250000238418579,1.75600004196167,2.95199990272522,0.16,98.1884,14064.753,13.7660311834917,21.617846757476,16432730.0,139133.870857439,201.5,-55473000000.0
2013-01-31,1660.5999755859375,17662.4,0.295730419292604,10413.2,8.0,1498.1099853515625,3142.1298828125,14.279999732971191,97.48999786376952,79.20999908447266,0.0649999976158142,0.8809999823570251,1.9850000143051147,3.1700000762939453,0.14,98.1736,14459.105,13.5802638953702,28.2870118208495,16771381.0,140853.884899946,202.5,-59940000000.0
2013-02-28,1577.699951171875,17662.4,0.819002952926876,10463.2,7.7,1514.6800537109375,3160.18994140625,15.510000228881836,92.0500030517578,81.9800033569336,0.1000000014901161,0.7689999938011169,1.888000011444092,3.094000101089477,0.15,98.6434,14459.105,13.5802638953702,28.2870118208495,16771381.0,137796.320724883,204.3,-60295000000.0
2013-03-31,1594.800048828125,17662.4,0.261450858437495,10596.4,7.5,1569.18994140625,3267.52001953125,12.699999809265137,97.2300033569336,82.98999786376953,0.0649999976158142,0.7689999938011169,1.8519999980926516,3.1040000915527344,0.14,99.047,14459.105,13.5802638953702,28.2870118208495,16771381.0,135287.629279235,204.0,-55348000000.0
2013-04-30,1472.199951171875,17709.671,-0.103963947708716,10545.8,7.6,1597.5699462890625,3328.7900390625,13.520000457763672,93.45999908447266,81.7300033569336,0.0450000017881393,0.6779999732971191,1.6749999523162842,2.884000062942505,0.15,98.9445,14459.105,13.5001868347468,23.4915977240495,16738320.0,135753.588881813,203.5,-56916000000.00001
2013-05-31,1392.5999755859375,17709.671,0.178040777358723,10552.3,7.5,1630.739990234375,3455.909912109375,16.299999237060547,91.97000122070312,83.37999725341797,0.0299999993294477,1.0529999732971191,2.1640000343322754,3.308000087738037,0.11,99.0383,14459.105,13.5001868347468,23.4915977240495,16738320.0,133000.648338796,204.1,-61199000000.0
2013-06-30,1223.800048828125,17709.671,0.2399708085599499,10573.3,7.5,1606.280029296875,3403.25,16.860000610351562,96.55999755859376,83.16999816894531,0.0299999993294477,1.3849999904632568,2.4779999256134038,3.497999906539917,0.09,99.2221,14459.105,13.5001868347468,23.4915977240495,16738320.0,134661.596109967,204.3,-54648999999.99999
2013-07-31,1312.4000244140625,17860.45,0.0393997533233011,10660.6,7.3,1685.72998046875,3626.3701171875,13.449999809265137,105.02999877929688,81.44999694824219,0.0299999993294477,1.3910000324249268,2.5929999351501465,3.6459999084472656,0.09,98.8987,14459.105,13.4242641695644,21.5675013864689,16738180.0,136385.700022688,204.4,-57180000000.0
2013-08-31,1396.0999755859375,17860.45,0.12029315570472,10710.5,7.2,1632.969970703125,3589.8701171875,17.010000228881836,107.6500015258789,82.08999633789062,0.0199999995529651,1.60099995136261,2.749000072479248,3.6760001182556152,0.08,99.4897,14459.105,13.4242641695644,21.5675013864689,16738180.0,134714.399229939,204.2,-57843000000.0
2013-09-30,1326.5,17860.45,0.1163004485263469,10840.3,7.2,1681.550048828125,3771.47998046875,16.600000381469727,102.33000183105467,80.22000122070312,0.0049999998882412,1.3880000114440918,2.615000009536743,3.686000108718872,0.08,100.021,14459.105,13.4242641695644,21.5675013864689,16738180.0,136705.806711915,203.9,-60421000000.00001
2013-10-31,1323.5999755859375,18016.147,-0.257528325980464,10909.5,7.2,1756.5400390625,3919.7099609375,13.75,96.37999725341795,80.19999694824219,0.032999999821186,1.315000057220459,2.5420000553131104,3.63100004196167,0.09,99.9037,14459.105,13.2519397518116,20.2233865065255,17156119.0,136044.915083593,202.5,-57077000000.0
2013-11-30,1250.5999755859375,18016.147,-0.204242419052338,10954.6,6.9,1805.81005859375,4059.889892578125,13.699999809265137,92.72000122070312,80.68000030517578,0.0549999997019767,1.3669999837875366,2.740999937057495,3.808000087738037,0.08,100.1582,14459.105,13.2519397518116,20.2233865065255,17156119.0,134070.795696707,201.2,-53614000000.0
2013-12-31,1201.9000244140625,18016.147,-0.008581149788259,11140.6,6.7,1848.3599853515625,4176.58984375,13.720000267028809,98.41999816894533,80.04000091552734,0.0630000010132789,1.7480000257492063,3.026000022888184,3.96399998664856,0.09,100.374,14459.105,13.2519397518116,20.2233865065255,17156119.0,133533.4640732,202.0,-55446999999.99999
2014-01-31,1240.0999755859375,17953.974,0.3720247673236049,11044.8,6.6,1782.5899658203125,4103.8798828125,18.40999984741211,97.48999786376952,81.2699966430664,0.0099999997764825,1.5099999904632568,2.6679999828338623,3.621999979019165,0.07,99.9899,15164.552,13.5291978514849,24.3231545054788,17601227.0,133374.790901162,203.8,-59798000000.0
2014-02-28,1321.4000244140625,17953.974,0.369790865096873,11148.1,6.7,1859.449951171875,4308.1201171875,14.0,102.58999633789062,79.77999877929688,0.0430000014603138,1.5110000371932983,2.657999992370605,3.5920000076293945,0.07,100.7471,15164.552,13.5291978514849,24.3231545054788,17601227.0,134163.609765351,205.7,-60553000000.00001
2014-03-31,1283.4000244140625,17953.974,0.6440044126228239,11315.4,6.7,1872.3399658203125,4198.990234375,13.880000114440918,101.58000183105467,80.0999984741211,0.0280000008642673,1.7319999933242798,2.7230000495910645,3.561000108718872,0.08,101.7435,15164.552,13.5291978514849,24.3231545054788,17601227.0,133243.234650097,207.0,-61468000000.0
2014-04-30,1295.5999755859375,18185.911,0.329675445315773,11231.2,6.2,1883.949951171875,4114.56005859375,13.40999984741211,99.73999786376952,79.48999786376953,0.0199999995529651,1.680999994277954,2.6480000019073486,3.4579999446868896,0.09,101.8273,15164.552,13.5684842567643,22.4943374134256,17632606.0,133236.465110313,208.3,-64809000000.0
2014-05-31,1245.5999755859375,18185.911,0.34926098400487,11251.3,6.3,1923.5699462890625,4242.6201171875,11.399999618530272,102.70999908447266,80.37000274658203,0.0299999993294477,1.527999997138977,2.4570000171661377,3.313999891281128,0.09,102.2392,15164.552,13.5684842567643,22.4943374134256,17632606.0,133537.017845579,208.0,-62103000000.0
2014-06-30,1321.800048828125,18185.911,0.186212694409411,11343.1,6.1,1960.22998046875,4408.18017578125,11.56999969482422,105.37000274658205,79.77999877929688,0.0199999995529651,1.625,2.5160000324249268,3.338000059127808,0.1,102.5774,15164.552,13.5684842567643,22.4943374134256,17632606.0,134135.126015139,208.3,-61171000000.00001
2014-07-31,1281.300048828125,18406.941,-0.0390193964161093,11364.3,6.2,1930.6700439453125,4369.77001953125,16.950000762939453,98.16999816894533,81.45999908447266,0.0179999992251396,1.7630000114440918,2.555999994277954,3.311000108718872,0.09,102.7954,15164.552,13.2441125782033,22.2497236038178,17824071.0,131874.784770866,208.0,-59817000000.0
2014-08-31,1285.800048828125,18406.941,-0.167051416579219,11383.5,6.1,2003.3699951171875,4580.27001953125,12.09000015258789,95.95999908447266,82.75,0.0179999992251396,1.628000020980835,2.3429999351501465,3.0799999237060547,0.09,102.6322,15164.552,13.2441125782033,22.2497236038178,17824071.0,130276.83443422,207.0,-58501000000.00001
2014-09-30,1210.5,18406.941,0.0752568824311014,11451.4,5.9,1972.2900390625,4493.39013671875,16.309999465942383,91.16000366210938,85.94000244140625,0.0130000002682209,1.7799999713897705,2.507999897003174,3.211999893188477,0.09,102.9417,15164.552,13.2441125782033,22.2497236038178,17824071.0,126012.621010896,206.4,-61812000000.0
2014-10-31,1171.0999755859375,18500.031,-0.2512277812553889,11525.4,5.7,2018.050048828125,4630.740234375,14.029999732971191,80.54000091552734,86.87999725341797,0.003000000026077,1.6130000352859497,2.3350000381469727,3.059999942779541,0.09,102.9611,15164.552,13.1963241117907,20.1371618842024,18141444.0,125243.509619536,203.4,-61327000000.0
2014-11-30,1175.199951171875,18500.031,-0.539941794106119,11580.5,5.8,2067.56005859375,4791.6298828125,13.329999923706056,66.1500015258789,88.36000061035156,0.0049999998882412,1.5110000371932983,2.194000005722046,2.9100000858306885,0.09,103.5978,15164.552,13.1963241117907,20.1371618842024,18141444.0,122599.606390958,200.9,-59917000000.0
2014-12-31,1183.9000244140625,18500.031,-0.567010091001089,11799.9,5.6,2058.89990234375,4736.0498046875,19.200000762939453,53.27000045776367,90.2699966430664,0.0370000004768371,1.652999997138977,2.1700000762939453,2.749000072479248,0.12,103.6151,15164.552,13.1963241117907,20.1371618842024,18141444.0,119048.483711245,197.0,-63917000000.0
2015-01-31,1278.5,18666.621,-0.470589237347324,11687.2,5.7,1994.989990234375,4635.240234375,20.96999931335449,48.2400016784668,94.8000030517578,0.0049999998882412,1.187000036239624,1.6749999523162842,2.250999927520752,0.11,102.7923,15685.2,12.6744890214974,24.8707126855415,18152056.0,115561.969637645,192.0,-62786000000.0
2015-02-28,1212.5999755859375,18666.621,0.434304492377206,11850.4,5.5,2104.5,4963.52978515625,13.34000015258789,49.7599983215332,95.25,0.0080000003799796,1.5049999952316284,2.002000093460083,2.5999999046325684,0.11,102.1366,15685.2,12.6744890214974,24.8707126855415,18152056.0,113676.383582362,191.1,-57431000000.00001
2015-03-31,1183.0999755859375,18666.621,0.5951721611097321,11970.5,5.4,2067.889892578125,4900.8798828125,15.289999961853027,47.59999847412109,98.36000061035156,0.025000000372529,1.375,1.934000015258789,2.5439999103546143,0.11,101.7869,15685.2,12.6744890214974,24.8707126855415,18152056.0,108228.544728414,191.5,-70193000000.0
2015-04-30,1182.4000244140625,18782.243,0.2032873254587689,11862.5,5.4,2085.510009765625,4941.419921875,14.550000190734863,59.630001068115234,94.5999984741211,0.0049999998882412,1.4420000314712524,2.0460000038146973,2.753000020980835,0.12,101.2255,15685.2,12.4317661521602,20.195692286399,18151998.0,110249.031731012,190.9,-61293000000.0
2015-05-31,1189.4000244140625,18782.243,0.509723202549469,11882.7,5.6,2107.389892578125,5070.02978515625,13.84000015258789,60.29999923706055,96.91000366210938,0.003000000026077,1.4670000076293943,2.095000028610229,2.8469998836517334,0.12,100.7675,15685.2,12.4317661521602,20.195692286399,18151998.0,108494.126842597,193.4,-60364000000.0
2015-06-30,1171.5,18782.243,0.350286999852812,11958.2,5.3,2063.110107421875,4986.8701171875,18.229999542236328,59.470001220703125,95.48999786376952,0.0099999997764825,1.628000020980835,2.3350000381469727,3.1040000915527344,0.13,100.4588,15685.2,12.4317661521602,20.195692286399,18151998.0,109291.595558297,194.8,-63231000000.0
2015-07-31,1094.9000244140625,18857.418,0.0067047159295661,11960.7,5.2,2103.840087890625,5128.27978515625,12.119999885559082,47.119998931884766,97.37000274658205,0.0579999983310699,1.5479999780654907,2.2049999237060547,2.927000045776367,0.13,101.0893,15685.2,12.1999653726252,19.8405259139755,18150618.0,108276.906924998,193.9,-60581000000.0
2015-08-31,1131.5999755859375,18857.418,-0.141627628281935,12087.0,5.1,1972.1800537109373,4776.509765625,28.43000030517578,49.20000076293945,95.9499969482422,0.003000000026077,1.5410000085830688,2.200000047683716,2.930999994277954,0.14,100.9165,15685.2,12.1999653726252,19.8405259139755,18150618.0,109858.074545393,191.9,-64186000000.00001
2015-09-30,1115.5,18857.418,-0.155675657530359,12084.0,5.0,1920.030029296875,4620.16015625,24.5,45.09000015258789,96.3499984741211,0.0049999998882412,1.375,2.059999942779541,2.880000114440918,0.14,100.633,15685.2,12.1999653726252,19.8405259139755,18150618.0,109176.888023436,189.1,-61548000000.0
2015-10-31,1141.5,18892.206,-0.0449683750446447,12143.2,5.0,2079.360107421875,5053.75,15.06999969482422,46.59000015258789,96.9499969482422,0.0680000036954879,1.527999997138977,2.151000022888184,2.933000087738037,0.12,100.1563,15685.2,11.856619237492,18.5258196041856,18922179.0,108225.676443151,187.5,-61574000000.0
2015-11-30,1065.800048828125,18892.206,-0.211068037908146,12316.0,5.1,2080.409912109375,5108.669921875,16.1299991607666,41.650001525878906,100.16999816894533,0.1700000017881393,1.6540000438690186,2.2179999351501465,2.990000009536743,0.12,99.4366,15685.2,11.856619237492,18.5258196041856,18922179.0,105599.427903891,185.7,-60636000000.0
2015-12-31,1060.300048828125,18892.206,-0.341709643711866,12464.1,5.0,2043.93994140625,5007.41015625,18.209999084472656,37.040000915527344,98.62999725341795,0.1480000019073486,1.7580000162124634,2.2690000534057617,3.015000104904175,0.24,98.9471,15685.2,11.856619237492,18.5258196041856,18922179.0,106539.635766333,183.5,-61258999999.99999
2016-01-31,1116.4000244140625,19001.69,0.165310220906868,12423.3,4.8,1940.239990234375,4613.9501953125,20.200000762939453,33.619998931884766,99.61000061035156,0.3000000119209289,1.3350000381469729,1.930999994277954,2.757999897003174,0.34,99.4391,15975.26,11.5474022280011,20.9712031495474,19264939.0,106147.292068394,182.6,-61647000000.0
2016-02-29,1233.9000244140625,19001.69,0.0823076533454985,12559.9,4.9,1932.22998046875,4557.9501953125,20.549999237060547,33.75,98.20999908447266,0.3079999983310699,1.2200000286102295,1.7400000095367432,2.615000009536743,0.38,98.9232,15975.26,11.5474022280011,20.9712031495474,19264939.0,106177.180000116,181.3,-64396999999.99999
2016-03-31,1234.199951171875,19001.69,0.4306000143392679,12735.0,5.0,2059.739990234375,4869.85009765625,13.949999809265137,38.34000015258789,94.58999633789062,0.1930000036954879,1.2239999771118164,1.7860000133514404,2.619999885559082,0.36,98.1635,15975.26,11.5474022280011,20.9712031495474,19264939.0,108685.640918336,182.1,-56641000000.00001
2016-04-30,1289.199951171875,19062.709,0.4741067979104,12693.8,5.1,2065.300048828125,4775.35986328125,15.699999809265137,45.91999816894531,93.08000183105467,0.1930000036954879,1.2790000438690186,1.819000005722046,2.6659998893737797,0.37,98.4775,15975.26,11.5653402346831,18.7416768746673,19381591.0,109993.521451525,183.2,-57520000000.0
2016-05-31,1214.800048828125,19062.709,0.404579099811517,12689.6,4.8,2096.949951171875,4948.0498046875,14.1899995803833,49.09999847412109,95.88999938964844,0.2829999923706054,1.3589999675750732,1.8339999914169312,2.628999948501587,0.37,98.2549,15975.26,11.5653402346831,18.7416768746673,19381591.0,108148.611886044,185.3,-59935000000.0
2016-06-30,1318.4000244140625,19062.709,0.3284366167281879,12738.8,4.9,2098.860107421875,4842.669921875,15.630000114440918,48.33000183105469,96.13999938964844,0.2479999959468841,1.0110000371932983,1.4880000352859497,2.306999921798706,0.38,98.7315,15975.26,11.5653402346831,18.7416768746673,19381591.0,109161.192899125,187.6,-63898999999.99999
2016-07-31,1349.0,19197.938,-0.161813640474981,12805.9,4.8,2173.60009765625,5162.1298828125,11.869999885559082,41.59999847412109,95.52999877929688,0.2399999946355819,1.0329999923706057,1.4579999446868896,2.181999921798706,0.39,98.8452,15975.26,11.6753408562986,18.2467949693173,19573445.0,109370.171511055,187.7,-61688000000.0
2016-08-31,1306.9000244140625,19197.938,0.0918430107884498,12928.7,4.9,2170.949951171875,5213.22021484375,13.420000076293944,44.70000076293945,96.0199966430664,0.3199999928474426,1.1799999475479126,1.5679999589920044,2.2309999465942383,0.4,98.7427,15975.26,11.6753408562986,18.2467949693173,19573445.0,109271.82861875,186.6,-60821999999.99999
2016-09-30,1313.300048828125,19197.938,0.240399586462898,12939.2,5.0,2168.27001953125,5312.0,13.289999961853027,48.2400016784668,95.45999908447266,0.2599999904632568,1.156000018119812,1.6080000400543213,2.3359999656677246,0.4,98.6552,15975.26,11.6753408562986,18.2467949693173,19573445.0,111389.671500062,186.9,-59224000000.0
2016-10-31,1271.5,19304.352,0.124674851301432,13078.8,4.9,2126.14990234375,5189.14013671875,17.059999465942383,46.86000061035156,98.4499969482422,0.2949999868869781,1.312999963760376,1.8339999914169312,2.58899998664856,0.4,98.7237,15975.26,11.7410210148795,17.2076781162389,19976827.0,109978.8831349,186.7,-61831000000.0
2016-11-30,1170.800048828125,19304.352,-0.155546086733514,13187.7,4.7,2198.81005859375,5323.68017578125,13.329999923706056,49.43999862670898,101.5,0.4679999947547912,1.8339999914169312,2.368000030517578,3.0169999599456787,0.41,98.3443,15975.26,11.7410210148795,17.2076781162389,19976827.0,107177.967932292,186.3,-65488000000.0
2016-12-31,1150.0,19304.352,0.0327321392317517,13298.9,4.7,2238.830078125,5383.1201171875,14.039999961853027,53.720001220703125,102.38999938964844,0.4799999892711639,1.934000015258789,2.446000099182129,3.062999963760376,0.54,99.0406,15975.26,11.7410210148795,17.2076781162389,19976827.0,106290.809152792,188.2,-63486000000.00001
2017-01-31,1208.5999755859375,19398.343,0.582772789025459,13183.7,4.7,2278.8701171875,5614.7900390625,11.989999771118164,52.810001373291016,99.51000213623048,0.5,1.9079999923706052,2.450999975204468,3.0510001182556152,0.65,98.8158,16688.196,11.9040767664705,20.9667991205985,19846420.0,108141.622238222,190.7,-66158999999.99999
2017-02-28,1252.5999755859375,19398.343,0.314611738641666,13325.8,4.6,2363.639892578125,5825.43994140625,12.920000076293944,54.0099983215332,101.12000274658205,0.5230000019073486,1.8799999952316284,2.3580000400543213,2.9679999351501465,0.66,98.4356,16688.196,11.9040767664705,20.9667991205985,19846420.0,107240.163752524,191.6,-63273999999.99999
2017-03-31,1247.300048828125,19398.343,0.0812797871947232,13473.6,4.4,2362.719970703125,5911.740234375,12.369999885559082,50.59999847412109,100.3499984741211,0.7379999756813049,1.9290000200271609,2.3959999084472656,3.0179998874664307,0.79,99.0492,16688.196,11.9040767664705,20.9667991205985,19846420.0,107752.411027078,191.5,-64483999999.99999
2017-04-30,1266.0999755859375,19506.949,0.296553336532688,13472.2,4.4,2384.199951171875,6047.60986328125,10.81999969482422,49.33000183105469,99.0500030517578,0.7799999713897705,1.815999984741211,2.282000064849853,2.95199990272522,0.9,100.0416,16688.196,11.8982791134134,19.1211255518243,19844554.0,108984.923682605,193.0,-67111999999.99999
2017-05-31,1272.0,19506.949,0.0854721826896363,13457.3,4.4,2411.800048828125,6198.52001953125,10.40999984741211,48.31999969482422,96.91999816894533,0.949999988079071,1.7480000257492063,2.196000099182129,2.8570001125335693,0.91,100.128,16688.196,11.8982791134134,19.1211255518243,19844554.0,110664.584325405,192.8,-65879999999.99999
2017-06-30,1240.699951171875,19506.949,0.0907111014861139,13454.3,4.3,2423.409912109375,6140.419921875,11.18000030517578,46.040000915527344,95.66000366210938,0.9929999709129332,1.8849999904632568,2.302000045776367,2.8399999141693115,1.04,100.337,16688.196,11.8982791134134,19.1211255518243,19844554.0,110974.138791562,193.6,-65117999999.99999
2017-07-31,1266.5999755859375,19660.766,-0.0689922638852295,13585.7,4.3,2470.300048828125,6348.1201171875,10.260000228881836,50.16999816894531,92.86000061035156,1.0529999732971191,1.8320000171661377,2.2920000553131104,2.8980000019073486,1.15,100.0865,16688.196,11.7427083632198,17.586119293613,20244900.0,112648.483004906,193.5,-64209999999.99999
2017-08-31,1316.199951171875,19660.766,0.299445229710857,13631.6,4.4,2471.64990234375,6428.66015625,10.59000015258789,47.22999954223633,92.66999816894533,0.977999985218048,1.7070000171661377,2.121000051498413,2.7249999046325684,1.16,99.6323,16688.196,11.7427083632198,17.586119293613,20244900.0,113475.347918551,193.8,-64096999999.99999
2017-09-30,1281.5,19660.766,0.5294905893230339,13620.1,4.3,2519.360107421875,6495.9599609375,9.510000228881836,51.66999816894531,93.08000183105467,1.027999997138977,1.9279999732971191,2.325999975204468,2.8570001125335693,1.15,99.7482,16688.196,11.7427083632198,17.586119293613,20244900.0,112822.107404898,194.8,-64316999999.99999
2017-10-31,1267.0,19882.352,-0.0632042103727646,13718.2,4.2,2575.260009765625,6727.669921875,10.18000030517578,54.380001068115234,94.5500030517578,1.1230000257492063,2.009999990463257,2.375999927520752,2.875,1.15,100.9893,16688.196,12.1730063769745,16.5333201992687,20492747.0,111590.766756134,194.9,-66443000000.0
2017-11-30,1273.199951171875,19882.352,0.0024324685907436,13810.8,4.2,2647.580078125,6873.97021484375,11.279999732971191,57.400001525878906,93.01000213623048,1.2380000352859497,2.1440000534057617,2.4170000553131104,2.8320000171661377,1.16,101.2493,16688.196,12.1730063769745,16.5333201992687,20492747.0,112387.596779952,195.9,-70493000000.0
2017-12-31,1306.300048828125,19882.352,-0.05878322772623,13941.9,4.1,2673.610107421875,6903.39013671875,11.039999961853027,60.41999816894531,92.12000274658205,1.3550000190734863,2.2060000896453857,2.4049999713897705,2.739000082015991,1.3,101.4871,16688.196,12.1730063769745,16.5333201992687,20492747.0,112251.905534783,196.3,-71826000000.0
2018-01-31,1339.0,20044.077,0.544774545277541,13752.9,4.0,2823.81005859375,7411.47998046875,13.539999961853027,64.7300033569336,89.12999725341797,1.4299999475479126,2.5239999294281006,2.720000028610229,2.941999912261963,1.41,101.4852,17570.78,12.3210737134119,20.1496994641358,21089643.0,115173.423383508,197.9,-73161000000.0
2018-02-28,1315.5,20044.077,0.45346899748655,13849.2,4.1,2713.830078125,7273.009765625,19.850000381469727,61.63999938964844,90.61000061035156,1.618000030517578,2.650000095367432,2.868000030517578,3.127000093460083,1.42,101.7319,17570.78,12.3210737134119,20.1496994641358,21089643.0,114684.036338071,199.3,-74021999999.99998
2018-03-31,1322.800048828125,20044.077,0.2261125904149039,14002.9,4.0,2640.8701171875,7063.4501953125,19.96999931335449,64.94000244140625,90.1500015258789,1.6699999570846558,2.562000036239624,2.740999937057495,2.9719998836517334,1.51,102.1943,17570.78,12.3210737134119,20.1496994641358,21089643.0,115331.272237174,199.3,-68869000000.0
2018-04-30,1316.199951171875,20150.476,0.397509156334893,13924.3,4.0,2648.050048828125,7066.27001953125,15.93000030517578,68.56999969482422,91.83999633789062,1.7630000114440918,2.7890000343322754,2.936000108718872,3.0969998836517334,1.69,103.3551,17570.78,12.16466986497,17.9201621958658,21195070.0,113499.030118572,200.3,-68781000000.0
2018-05-31,1300.0999755859375,20150.476,0.4158916925435,13968.9,3.8,2705.27001953125,7442.1201171875,15.43000030517578,67.04000091552734,93.98999786376952,1.870000004768372,2.6640000343322754,2.822000026702881,2.986000061035156,1.7,102.381,17570.78,12.16466986497,17.9201621958658,21195070.0,111803.22911422,203.2,-65521999999.99999
2018-06-30,1251.300048828125,20150.476,0.159387570154372,13997.9,4.0,2718.3701171875,7510.2998046875,16.09000015258789,74.1500015258789,94.62999725341795,1.8799999952316284,2.7309999465942383,2.8489999771118164,2.9830000400543213,1.82,103.2256,17570.78,12.16466986497,17.9201621958658,21195070.0,114057.674980992,204.2,-68510000000.00001
2018-07-31,1223.699951171875,20276.154,0.0067463262285171,14081.8,3.8,2816.2900390625,7671.7900390625,12.829999923706056,68.76000213623047,94.48999786376952,1.9850000143051147,2.8480000495910645,2.96399998664856,3.0829999446868896,1.91,103.3561,17570.78,12.3339646218784,18.2043660148265,21516058.0,113653.318052144,204.3,-74445000000.0
2018-08-31,1200.300048828125,20276.154,0.0555542328357295,14143.4,3.8,2901.52001953125,8109.5400390625,12.859999656677246,69.80000305175781,95.13999938964844,2.055000066757202,2.734999895095825,2.8529999256134038,3.009999990463257,1.91,104.0585,17570.78,12.3339646218784,18.2043660148265,21516058.0,113488.280448559,203.4,-74518000000.0
2018-09-30,1191.5,20276.154,0.116202517589025,14126.5,3.7,2913.97998046875,8046.35009765625,12.119999885559082,73.25,95.19000244140624,2.150000095367432,2.947999954223633,3.055999994277954,3.197000026702881,1.95,104.1038,17570.78,12.3339646218784,18.2043660148265,21516058.0,112687.595620951,203.6,-75753999999.99998
2018-10-31,1212.300048828125,20304.874,0.176676345572587,14165.6,3.8,2711.739990234375,7305.89990234375,21.229999542236328,65.30999755859375,97.12999725341795,2.2780001163482666,2.986999988555908,3.1589999198913574,3.4019999504089355,2.19,103.9297,17570.78,12.3210841717275,16.4863790597198,21974096.0,112530.791195936,204.6,-75873000000.0
2018-11-30,1220.199951171875,20304.874,-0.3349348518100969,14235.4,3.8,2760.169921875,7330.5400390625,18.06999969482422,50.93000030517578,97.2699966430664,2.308000087738037,2.845000028610229,3.013000011444092,3.311000108718872,2.2,104.0126,17570.78,12.3210841717275,16.4863790597198,21974096.0,112460.579700256,202.3,-73056000000.0
2018-12-31,1278.300048828125,20304.874,-0.319396281513109,14544.7,3.9,2506.85009765625,6635.27978515625,25.420000076293945,45.40999984741211,96.16999816894533,2.299999952316284,2.509999990463257,2.686000108718872,3.0199999809265137,2.27,104.0451,17570.78,12.3210841717275,16.4863790597198,21974096.0,114756.990011769,201.0,-79529000000.0
2019-01-31,1319.699951171875,20431.641,0.1906596665246839,14340.5,4.0,2704.10009765625,7281.740234375,16.56999969482422,53.790000915527344,95.58000183105467,2.3399999141693115,2.440000057220459,2.634999990463257,3.005000114440918,2.4,103.3598,18287.322,11.9423811440157,19.5634414833089,22027880.0,115316.347258895,199.1,-71533999999.99998
2019-02-28,1312.800048828125,20431.641,0.422705314009692,14390.6,3.8,2784.489990234375,7532.52978515625,14.779999732971191,57.220001220703125,96.16000366210938,2.382999897003174,2.509000062942505,2.7109999656677246,3.0829999446868896,2.4,102.8251,18287.322,11.9423811440157,19.5634414833089,22027880.0,114786.394373595,199.2,-71005000000.0
2019-03-31,1293.0,20431.641,0.564135835680577,14550.3,3.8,2834.39990234375,7729.31982421875,13.710000038146973,60.13999938964844,97.27999877929688,2.328000068664551,2.243000030517578,2.4140000343322754,2.822000026702881,2.41,102.8361,18287.322,11.9423811440157,19.5634414833089,22027880.0,114133.955979611,200.8,-72598000000.0
2019-04-30,1282.800048828125,20602.275,0.529500161289074,14492.3,3.7,2945.830078125,8095.39013671875,13.119999885559082,63.90999984741211,97.4800033569336,2.368000030517578,2.282000064849853,2.509000062942505,2.940000057220459,2.42,102.2748,18287.322,11.8416209663183,17.6135012285333,22023283.0,116222.740424492,202.1,-72861000000.0
2019-05-31,1305.800048828125,20602.275,0.212875858938411,14582.6,3.6,2752.06005859375,7453.14990234375,18.709999084472656,53.5,97.75,2.2929999828338623,1.9270000457763672,2.1419999599456787,2.5829999446868896,2.39,102.4176,18287.322,11.8416209663183,17.6135012285333,22023283.0,115926.38958204,201.7,-75399000000.0
2019-06-30,1409.699951171875,20602.275,0.0199147181481604,14676.2,3.6,2941.760009765625,8006.240234375,15.079999923706056,58.470001220703125,96.12999725341795,2.0350000858306885,1.7580000162124634,2.0,2.5280001163482666,2.38,102.5425,18287.322,11.8416209663183,17.6135012285333,22023283.0,117315.120113857,200.3,-73463000000.00002
2019-07-31,1426.0999755859375,20843.322,0.167094162245338,14807.7,3.7,2980.3798828125,8175.419921875,16.1200008392334,58.58000183105469,98.5199966430664,2.0299999713897705,1.843999981880188,2.0209999084472656,2.5269999504089355,2.4,102.0057,18287.322,11.5209712863509,17.3623922515344,22719402.0,117803.924307551,200.7,-72288000000.0
2019-08-31,1519.0999755859375,20843.322,-0.0050668236082818,14850.0,3.6,2926.4599609375,7962.8798828125,18.979999542236328,55.09999847412109,98.91999816894533,1.932999968528748,1.3910000324249268,1.50600004196167,1.9700000286102293,2.13,102.7814,18287.322,11.5209712863509,17.3623922515344,22719402.0,117484.904543756,199.2,-72674000000.0
2019-09-30,1465.699951171875,20843.322,0.0783448576930001,15032.8,3.5,2976.739990234375,7999.33984375,16.239999771118164,54.06999969482422,99.37999725341795,1.7699999809265137,1.5509999990463257,1.6749999523162842,2.121000051498413,2.04,102.4601,18287.322,11.5209712863509,17.3623922515344,22719402.0,116554.316206263,198.4,-70518000000.0
2019-10-31,1511.4000244140625,20985.448,0.228619055223,15097.6,3.6,3037.56005859375,8292.3603515625,13.220000267028809,54.18000030517578,97.3499984741211,1.4980000257492063,1.5230000019073486,1.690999984741211,2.1760001182556152,1.83,101.5878,18287.322,11.06235438233,15.8520772163742,23201380.0,117770.862773341,198.6,-66080000000.0
2019-11-30,1465.5999755859375,20985.448,-0.0536243034669465,15252.2,3.6,3140.97998046875,8665.4697265625,12.619999885559082,55.16999816894531,98.2699966430664,1.5399999618530271,1.621000051498413,1.7760000228881836,2.20199990272522,1.55,102.1494,18287.322,11.06235438233,15.8520772163742,23201380.0,116897.332212607,199.0,-64138999999.99999
2019-12-31,1519.5,20985.448,-0.0909769525053793,15473.1,3.6,3230.780029296875,8972.599609375,13.779999732971191,61.060001373291016,96.38999938964844,1.5049999952316284,1.6929999589920044,1.919000029563904,2.388999938964844,1.55,101.9421,18287.322,11.06235438233,15.8520772163742,23201380.0,118437.718706204,199.0,-68358999999.99999
2020-01-31,1582.9000244140625,20693.238,0.387976993781487,15315.7,3.6,3225.52001953125,9150.9404296875,18.84000015258789,51.560001373291016,97.38999938964844,1.5099999904632568,1.3259999752044678,1.5199999809265137,2.015000104904175,1.55,101.3372,17834.569,10.9260110087696,17.730510036015,23223813.0,117826.023393531,199.3,-66497000000.0
2020-02-29,1564.0999755859375,20693.238,0.274061813149543,15350.4,3.5,2954.219970703125,8567.3701171875,40.11000061035156,44.7599983215332,98.12999725341795,1.2300000190734863,0.912999987602234,1.1269999742507937,1.6710000038146973,1.58,101.6718,17834.569,10.9260110087696,17.730510036015,23223813.0,117384.220984502,196.7,-61316000000.0
2020-03-31,1583.4000244140625,20693.238,-0.2176451031784789,16629.2,4.4,2584.590087890625,7700.10009765625,53.540000915527344,20.479999542236328,99.0500030517578,0.0299999993294477,0.375,0.6980000138282776,1.35099995136261,0.65,97.606,17834.569,10.9260110087696,17.730510036015,23223813.0,116868.993438146,193.1,-66519999999.99999
2020-04-30,1684.199951171875,19056.617,-0.668694186699718,17334.5,14.8,2912.429931640625,8889.5498046875,34.150001525878906,18.84000015258789,99.0199966430664,0.0900000035762786,0.3449999988079071,0.621999979019165,1.2660000324249268,0.05,84.6812,17834.569,10.2191401929871,17.9160683704922,26477241.0,117760.50017,185.5,-73751000000.0
2020-05-31,1736.9000244140625,19056.617,0.0019501616684046,17797.8,13.2,3044.31005859375,9489.8701171875,27.51000022888184,35.4900016784668,98.33999633789062,0.1280000060796737,0.3039999902248382,0.6480000019073486,1.406999945640564,0.05,86.0108,17834.569,10.2191401929871,17.9160683704922,26477241.0,121197.56266089,188.6,-75978000000.00002
2020-06-30,1793.0,19056.617,0.5472046927775109,18174.2,11.0,3100.2900390625,10058.76953125,30.43000030517578,39.27000045776367,97.38999938964844,0.135000005364418,0.289000004529953,0.652999997138977,1.409000039100647,0.08,91.6745,17834.569,10.2191401929871,17.9160683704922,26477241.0,122848.971376964,191.2,-70387000000.0
2020-07-31,1962.800048828125,20548.793,0.5058243501670089,18125.7,10.2,3271.1201171875,10745.26953125,24.459999084472656,40.27000045776367,93.48999786376952,0.0829999968409538,0.2150000035762787,0.5360000133514404,1.1979999542236328,0.09,95.0037,17834.569,11.0288973763422,17.730460713145,26945391.0,128930.385113282,193.0,-79621000000.00002
2020-08-31,1967.5999755859373,20548.793,0.315321052408127,18392.9,8.4,3500.31005859375,11775.4599609375,26.40999984741211,42.61000061035156,92.13999938964844,0.0949999988079071,0.2639999985694885,0.6930000185966492,1.4520000219345093,0.1,95.9294,17834.569,11.0288973763422,17.730460713145,26945391.0,129346.597406638,194.3,-81577000000.0
2020-09-30,1887.5,20548.793,0.13927469432666,18501.7,7.8,3363.0,11167.509765625,26.3700008392334,40.220001220703125,93.88999938964844,0.0850000008940696,0.2720000147819519,0.6769999861717224,1.4509999752044678,0.09,95.8914,17834.569,11.0288973763422,17.730460713145,26945391.0,127920.288921716,195.5,-78764000000.0
2020-10-31,1877.4000244140625,20771.691,0.0414937759336148,18650.9,6.8,3269.9599609375,10911.58984375,38.02000045776367,35.790000915527344,94.04000091552734,0.0829999968409538,0.3810000121593475,0.8600000143051147,1.6399999856948853,0.09,96.5256,17834.569,11.4837738442395,16.3703041014414,27747798.0,128436.769347265,196.5,-81136000000.00002
2020-11-30,1775.699951171875,20771.691,-0.0610627217844138,19055.3,6.7,3621.6298828125,12198.740234375,20.56999969482422,45.34000015258789,91.87000274658205,0.0750000029802322,0.3619999885559082,0.843999981880188,1.5729999542236328,0.09,96.9529,17834.569,11.4837738442395,16.3703041014414,27747798.0,130150.355453254,198.3,-84527000000.0
2020-12-31,1893.0999755859373,20771.691,0.0941478467042597,19294.3,6.7,3756.070068359375,12888.2802734375,22.75,48.52000045776367,89.94000244140625,0.0649999976158142,0.3610000014305115,0.9169999957084656,1.6460000276565552,0.09,98.2039,17834.569,11.4837738442395,16.3703041014414,27747798.0,133849.095923967,200.5,-82243000000.0
2021-01-31,1847.300048828125,21058.379,0.425378348702726,19277.8,6.4,3714.239990234375,13070.6904296875,33.09000015258789,52.20000076293945,90.58000183105467,0.0480000004172325,0.4429999887943268,1.093000054359436,1.8580000400543213,0.09,98.8135,19960.865,11.8361862967051,20.9917935498703,28132570.0,132967.973841613,204.8,-84062999999.99998
2021-02-28,1728.0999755859375,21058.379,0.547438279392344,19533.9,6.2,3811.14990234375,13192.349609375,27.950000762939453,61.5,90.93000030517578,0.0350000001490116,0.7760000228881836,1.4600000381469729,2.181999921798706,0.08,95.5072,19960.865,11.8361862967051,20.9917935498703,28132570.0,132366.103955633,210.6,-86311000000.0
2021-03-31,1713.800048828125,21058.379,0.7083273133749509,20100.9,6.1,3972.889892578125,13246.8701171875,19.399999618530277,59.15999984741211,93.2300033569336,0.0130000002682209,0.9380000233650208,1.746000051498413,2.424999952316284,0.07,98.1929,19960.865,11.8361862967051,20.9917935498703,28132570.0,128007.032040253,215.0,-86825000000.0
2021-04-30,1767.300048828125,21389.005,0.821890915406006,20137.0,6.1,4181.169921875,13962.6796875,18.61000061035156,63.58000183105469,91.27999877929688,0.003000000026077,0.8569999933242798,1.63100004196167,2.3010001182556152,0.07,98.3317,19960.865,11.9314133963743,18.6892995436358,28529436.0,130079.302681715,217.9,-86002999999.99998
2021-05-31,1902.5,21389.005,0.80171051547627,20266.4,5.8,4204.10986328125,13748.740234375,16.760000228881836,66.31999969482422,90.02999877929688,0.0080000003799796,0.7879999876022339,1.5809999704360962,2.263000011444092,0.06,99.1867,19960.865,11.9314133963743,18.6892995436358,28529436.0,130769.007800704,224.9,-86622999999.99998
2021-06-30,1770.800048828125,21389.005,0.929066290235704,20336.6,5.9,4297.5,14503.9501953125,15.829999923706056,73.47000122070312,92.44000244140624,0.0399999991059303,0.8730000257492065,1.4429999589920044,2.065000057220459,0.08,99.6483,19960.865,11.9314133963743,18.6892995436358,28529436.0,129143.844098008,228.9,-90247999999.99998
2021-07-31,1812.5999755859373,21571.421,0.481052352629404,20530.1,5.4,4395.259765625,14672.6796875,18.239999771118164,73.94999694824219,92.16999816894533,0.0399999991059303,0.703000009059906,1.2389999628067017,1.8969999551773071,0.1,100.0668,19960.865,11.8940921205459,18.6409419486833,28428919.0,129513.902616191,231.85,-86521000000.0
2021-08-31,1815.0,21571.421,0.206591136361161,20791.9,5.1,4522.68017578125,15259.240234375,16.479999542236328,68.5,92.62999725341795,0.0399999991059303,0.7720000147819519,1.3040000200271606,1.9270000457763672,0.09,100.0412,19960.865,11.8940921205459,18.6409419486833,28428919.0,242176.260513541,233.415,-88027000000.0
2021-09-30,1755.300048828125,21571.421,0.271597085905821,20843.5,4.7,4307.5400390625,14448.580078125,23.13999938964844,75.02999877929688,94.25,0.0280000008642673,0.996999979019165,1.5290000438690186,2.0920000076293945,0.08,98.9955,19960.865,11.8940921205459,18.6409419486833,28428919.0,239483.923943952,235.678,-94176000000.0
2021-10-31,1783.0,21960.388,0.830811855200318,21037.2,4.5,4605.3798828125,15498.3896484375,16.260000228881836,83.56999969482422,94.12000274658205,0.0480000004172325,1.187999963760376,1.5570000410079956,1.9420000314712524,0.08,100.3542,19960.865,12.278226503992,17.7366713577983,29617215.0,241388.718004096,240.465,-84745000000.0
2021-11-30,1773.5999755859375,21960.388,0.491342750434762,21384.2,4.1,4567.0,15537.6904296875,27.190000534057617,66.18000030517578,95.98999786376952,0.0480000004172325,1.149999976158142,1.4429999589920044,1.7869999408721924,0.08,101.2684,19960.865,12.278226503992,17.7366713577983,29617215.0,239184.77895245,243.287,-97895000000.0
2021-12-31,1827.5,21960.388,0.307251716148357,21751.7,3.9,4766.18017578125,15644.9697265625,17.219999313354492,75.20999908447266,95.66999816894533,0.032999999821186,1.2630000114440918,1.5119999647140503,1.9049999713897705,0.08,101.1948,19960.865,12.278226503992,17.7366713577983,29617215.0,240197.337193282,241.338,-99613999999.99998
2022-01-31,1795.0,21903.85,0.8414573783545228,21522.9,4.0,4515.5498046875,14239.8798828125,24.82999992370605,88.1500015258789,96.54000091552734,0.1729999929666519,1.6139999628067017,1.781999945640564,2.0980000495910645,0.08,101.2146,21918.379,13.046101987781,21.5745090385528,30400960.0,239330.787754896,246.453,-104391000000.0
2022-02-28,1899.4000244140625,21903.85,0.913397925647697,21658.8,3.8,4373.93994140625,13751.400390625,30.149999618530277,95.72000122070312,96.70999908447266,0.2879999876022339,1.7209999561309814,1.83899998664856,2.181999921798706,0.08,101.8458,21918.379,13.046101987781,21.5745090385528,30400960.0,239754.726850669,252.66,-104302000000.0
2022-03-31,1949.199951171875,21903.85,1.3351379548562698,21852.5,3.6,4530.41015625,14220.51953125,20.559999465942383,100.27999877929688,98.30999755859376,0.4930000007152557,2.421999931335449,2.32699990272522,2.447999954223633,0.2,102.6732,21918.379,13.046101987781,21.5745090385528,30400960.0,237182.459292871,260.014,-120723000000.0
2022-04-30,1909.300048828125,21919.222,0.5582531025654971,21607.0,3.7,4131.93017578125,12334.6396484375,33.400001525878906,104.69000244140624,102.95999908447266,0.8080000281333923,2.9119999408721924,2.88700008392334,2.947000026702881,0.33,102.9024,21918.379,13.0891961575888,20.6919033534409,30568582.0,229916.629436113,265.31,-105202999999.99998
2022-05-31,1842.699951171875,21919.222,1.10235239995988,21523.5,3.6,4132.14990234375,12081.3896484375,26.190000534057617,114.66999816894533,101.75,1.0299999713897705,2.811000108718872,2.844000101089477,3.056999921798706,0.77,102.9659,21918.379,13.0891961575888,20.6919033534409,30568582.0,231270.104704473,273.251,-102892999999.99998
2022-06-30,1804.0999755859373,21919.222,1.37360757588199,21528.3,3.6,3785.3798828125,11028.740234375,28.709999084472656,105.76000213623048,104.69000244140624,1.600000023841858,3.003999948501587,2.9719998836517334,3.11899995803833,1.21,102.8224,21918.379,13.0891961575888,20.6919033534409,30568582.0,227534.177061423,280.251,-99194000000.0
2022-07-31,1762.9000244140625,22066.784,-0.0118119138337545,21520.4,3.5,4130.2900390625,12390.6904296875,21.32999992370605,98.62000274658205,105.9000015258789,2.2980000972747803,2.694999933242798,2.6419999599456787,2.9739999771118164,1.68,103.0505,21918.379,12.4006030628084,20.3462175834365,30928912.0,226993.140641825,272.274,-88384000000.0
2022-08-31,1712.800048828125,22066.784,-0.0354399276350673,21469.5,3.6,3955.0,11816.2001953125,25.8700008392334,89.55000305175781,108.6999969482422,2.859999895095825,3.2839999198913574,3.132999897003174,3.255000114440918,2.33,103.1703,21918.379,12.4006030628084,20.3462175834365,30928912.0,223071.020668691,269.546,-87061000000.0
2022-09-30,1662.4000244140625,22066.784,0.2150784513001039,21356.0,3.5,3585.6201171875,10575.6201171875,31.6200008392334,79.48999786376953,112.12000274658205,3.180000066757202,4.040999889373779,3.803999900817871,3.765000104904175,2.56,103.5326,21918.379,12.4006030628084,20.3462175834365,30928912.0,219111.688617456,267.898,-89716000000.00002
2022-10-31,1635.9000244140625,22249.459,0.405649443411221,21341.6,3.6,3871.97998046875,10988.150390625,25.8799991607666,86.52999877929688,111.52999877929688,3.974999904632568,4.248000144958496,4.077000141143799,4.203999996185303,3.08,103.4442,21918.379,11.8816869099061,18.1337769224758,31419689.0,221754.526688245,265.061,-96077999999.99998
2022-11-30,1746.0,22249.459,-0.101002644188814,21340.4,3.6,4080.110107421875,11468.0,20.57999992370605,80.55000305175781,105.9499969482422,4.252999782562256,3.8320000171661377,3.703000068664551,3.822000026702881,3.78,103.1058,21918.379,11.8816869099061,18.1337769224758,31419689.0,228625.630790953,263.157,-83324000000.0
2022-12-31,1819.699951171875,22249.459,-0.307009146454112,21393.7,3.5,3839.5,10466.48046875,21.670000076293945,80.26000213623047,103.5199966430664,4.260000228881836,4.0,3.878999948501587,3.974999904632568,4.1,101.8266,21918.379,11.8816869099061,18.1337769224758,31419689.0,232716.63702783,257.897,-92150000000.0
2023-01-31,1929.5,22403.435,0.799536383454017,21090.0,3.4,4076.60009765625,11584.5498046875,19.399999618530277,78.87000274658203,102.0999984741211,4.570000171661377,3.638000011444092,3.5290000438690186,3.66100001335144,4.33,102.7476,22988.387,11.6676756695231,22.2504081889027,31458438.0,236062.811968465,260.227,-90335000000.0
2023-02-28,1828.9000244140625,22403.435,0.5582110505732301,21083.3,3.6,3970.14990234375,11455.5400390625,20.700000762939453,77.05000305175781,104.87000274658205,4.710000038146973,4.168000221252441,3.9159998893737793,3.930999994277954,4.57,102.8003,22988.387,11.6676756695231,22.2504081889027,31458438.0,232435.280009137,258.669,-91473000000.0
2023-03-31,1969.0,22403.435,0.3310729956123049,20861.6,3.5,4109.31005859375,12221.91015625,18.700000762939453,75.66999816894531,102.51000213623048,4.585000038146973,3.611000061035156,3.49399995803833,3.688999891281128,4.65,102.8143,22988.387,11.6676756695231,22.2504081889027,31458438.0,235948.842458469,257.062,-82642999999.99998
2023-04-30,1990.0999755859373,22539.418,0.50590386832584,20654.0,3.4,4169.47998046875,12226.580078125,15.779999732971191,76.77999877929688,101.66999816894533,4.922999858856201,3.5360000133514404,3.45199990272522,3.677999973297119,4.83,103.2241,22988.387,11.3242531910343,19.8687926508499,32332274.0,235645.289630708,256.908,-96084000000.0
2023-05-31,1963.9000244140625,22539.418,0.251843501020241,20713.3,3.7,4179.830078125,12935.2900390625,17.940000534057617,68.08999633789062,104.31999969482422,5.248000144958496,3.743000030517578,3.63700008392334,3.8559999465942383,5.06,102.9809,22988.387,11.3242531910343,19.8687926508499,32332274.0,231972.659209953,253.67,-90282000000.00002
2023-06-30,1921.0999755859373,22539.418,0.322891423648645,20636.7,3.6,4450.3798828125,13787.919921875,13.59000015258789,70.63999938964844,102.91000366210938,5.152999877929688,4.132999897003174,3.819000005722046,3.8550000190734863,5.08,102.3809,22988.387,11.3242531910343,19.8687926508499,32332274.0,232967.286807664,253.86,-88708000000.0
2023-07-31,1970.5,22780.933,0.1907515019222699,20665.4,3.5,4588.9599609375,14346.01953125,13.630000114440918,81.80000305175781,101.86000061035156,5.248000144958496,4.178999900817871,3.9590001106262207,4.019000053405762,5.12,103.0722,22988.387,11.1629036996859,18.5648070211093,33167334.0,233966.834670548,253.835,-89095000000.0
2023-08-31,1938.199951171875,22780.933,0.436715506835353,20606.4,3.8,4507.66015625,14034.9697265625,13.56999969482422,83.62999725341797,103.62000274658205,5.297999858856201,4.24399995803833,4.0929999351501465,4.203999996185303,5.33,103.0951,22988.387,11.1629036996859,18.5648070211093,33167334.0,232761.56607149,257.68,-83687000000.00002
2023-09-30,1848.0999755859373,22780.933,0.2485131552376499,20548.4,3.8,4288.0498046875,13219.3203125,17.520000457763672,90.79000091552734,106.16999816894533,5.300000190734863,4.605999946594238,4.572999954223633,4.710999965667725,5.33,103.3081,22988.387,11.1629036996859,18.5648070211093,33167334.0,229949.20561611,258.934,-86057000000.0
2023-10-31,1985.199951171875,22960.6,-0.0383379522984981,20523.4,3.8,4193.7998046875,12851.240234375,18.13999938964844,81.0199966430664,106.66000366210938,5.320000171661377,4.815999984741211,4.875,5.021999835968018,5.33,102.5781,22988.387,11.1629036996859,18.5648070211093,34001494.0,229672.544553801,255.192,-87582000000.00002
2023-11-30,2038.0999755859373,22960.6,-0.201513954841356,20679.2,3.7,4567.7998046875,14226.2197265625,12.920000076293944,75.95999908447266,103.5,5.23799991607666,4.297999858856201,4.352000236511231,4.513000011444092,5.33,102.8868,22988.387,11.1629036996859,18.5648070211093,34001494.0,232346.958218549,252.856,-88604000000.0
2023-12-31,2062.39990234375,22960.6,-0.0993320327893392,20873.2,3.7,4769.830078125,15011.349609375,12.449999809265137,71.6500015258789,101.33000183105467,5.179999828338623,3.839999914169312,3.865999937057495,4.019000053405762,5.33,102.6309,22988.387,11.1629036996859,18.5648070211093,34001494.0,234110.801811752,249.866,-87561000000.0
2024-01-31,2048.39990234375,23053.545,0.544750379793042,20685.8,3.7,4845.64990234375,15164.009765625,14.350000381469728,75.8499984741211,103.2699966430664,5.188000202178955,3.881999969482422,3.9670000076293945,4.215000152587891,5.33,101.483,22988.387,11.1629036996859,18.5648070211093,34586533.0,232964.719172791,251.306,-89752000000.00002
2024-02-29,2045.699951171875,23053.545,0.618967177555072,20730.6,3.9,5096.27001953125,16091.919921875,13.399999618530272,78.26000213623047,104.16000366210938,5.2230000495910645,4.26200008392334,4.251999855041504,4.375,5.33,102.7267,22988.387,11.1629036996859,18.5648070211093,34586533.0,232645.50193284,254.926,-91776000000.00002
2024-03-31,2217.39990234375,23053.545,0.646416993742063,20978.3,3.8,5254.35009765625,16379.4599609375,13.010000228881836,83.16999816894531,104.5500030517578,5.203000068664551,4.21999979019165,4.205999851226807,4.348999977111816,5.33,102.5186,22988.387,11.1629036996859,18.5648070211093,34586533.0,232761.248705209,255.095,-92243000000.0
2024-04-30,2291.39990234375,23223.906,0.646416993742063,20783.0,3.9,5035.68994140625,15657.8203125,15.649999618530272,81.93000030517578,106.22000122070312,5.244999885559082,4.7230000495910645,4.685999870300293,4.789999961853027,5.33,102.3568,22988.387,11.1629036996859,18.5648070211093,34831634.0,230561.250351376,256.978,-98200000000.0
2024-05-31,2322.89990234375,23223.906,0.646416993742063,20796.9,4.0,5277.509765625,16735.01953125,12.920000076293944,76.98999786376953,104.66999816894533,5.244999885559082,4.527999877929688,4.513999938964844,4.651999950408936,5.33,103.0711,22988.387,11.1629036996859,18.5648070211093,34831634.0,232014.552908555,255.313,-99060000000.0
2024-06-30,2327.699951171875,23223.906,0.646416993742063,20898.7,4.1,5460.47998046875,17732.599609375,12.4399995803833,81.54000091552734,105.87000274658205,5.2129998207092285,4.328999996185303,4.3429999351501465,4.501999855041504,5.33,103.2258,22988.387,11.1629036996859,18.5648070211093,34831634.0,231079.098432319,255.87,-96484000000.0
2024-07-31,2426.5,23386.248,0.646416993742063,20914.7,4.3,5522.2998046875,17599.400390625,16.360000610351562,77.91000366210938,104.0999984741211,5.135000228881836,4.0,4.109000205993652,4.36899995803833,5.33,102.5863,22988.387,11.1629036996859,18.5648070211093,34831634.0,234180.41913774,257.337,-102944000000.0
2024-08-31,2493.800048828125,23386.248,0.646416993742063,21031.0,4.2,5648.39990234375,17713.619140625,15.0,73.55000305175781,101.6999969482422,4.9679999351501465,3.714999914169312,3.91100001335144,4.196000099182129,5.33,102.9329,22988.387,11.1629036996859,18.5648070211093,34831634.0,238053.088816305,255.487,-94217999999.99998
2024-09-30,2636.10009765625,23386.248,0.646416993742063,21154.6,4.1,5762.47998046875,18189.169921875,16.729999542236328,68.16999816894531,100.77999877929688,4.498000144958496,3.57699990272522,3.802000045776367,4.133999824523926,5.13,102.6418,22988.387,11.1629036996859,18.5648070211093,34831634.0,238053.088816305,252.526,-94217999999.99998
2024-10-31,2788.5,23386.248,0.646416993742063,21154.6,4.1,5813.669921875,18607.9296875,20.350000381469727,68.61000061035156,103.98999786376952,4.4629998207092285,4.126999855041504,4.265999794006348,4.480000019073486,5.13,102.6418,22988.387,11.1629036996859,18.5648070211093,34831634.0,238053.088816305,252.526,-94217999999.99998
